{"ks": [1, 3, 5], "F1": [0.962831880787494, 0.9617498130812017, 0.9539356548290382], "F1_err": [0.0001946016478433333, 0.000291973982472765, 0.00027598738526140627], "thresholds": [0.8166665312887902, 0.6667054171808816, 0.6000433414045896], "thresholds_err": [0.11642828534272637, 1.1496341612862992e-05, 1.389512959628656e-05]}