{"ks": [1, 3, 5], "F1": [0.9756878568578118, 0.9747517547250407, 0.970171579468056], "F1_err": [0.00025216799597252307, 0.00026734193255246254, 0.00022378689589811488], "thresholds": [0.7833332499900453, 0.6668577370646106, 0.6014297776054893], "thresholds_err": [0.08692265718713925, 0.00038045480763837964, 0.0002394507410409196]}