{"clean": 100, "F1": [0.44176322655174394, 0.9387262531564339, 0.9480605797728895, 0.9383831923260285, 0.8951827021316928, 0.8612192899265192], "F1_err": [0.0012299818255174556, 0.00045270416292723345, 0.00022571669730088757, 0.00011489400773358645, 0.00046259059229886547, 0.0005096665051597665], "thresholds": [1.6368368596886286e-05, 1.5192139653663616e-05, 1.75030501850415e-05, 7.31064301362494e-05, 0.0005405277272075182, 0.0010644945959938923], "thresholds_err": [6.604148966231965e-08, 3.518973736992106e-07, 2.6616760224115493e-07, 1.0707266000262956e-06, 5.903149010397781e-06, 1.8023582731367006e-05]}