{"esm": [1, 3, 5, 10, 50, 100], "F1": [0.4460868406460765, 0.9372852885061999, 0.9401974196964378, 0.9325090039323556, 0.8823324875403074, 0.8474665045167669], "F1_err": [0.001145034211796381, 0.00032723670299773046, 0.00010285889880089829, 0.0003200118771321045, 0.0007533912561175354, 0.000989252804622259], "thresholds": [4.4957759200769946e-06, 4.492447533266386e-06, 4.505967990553472e-06, 1.3519565527531086e-05, 6.387501080098445e-05, 0.00012142480345573858], "thresholds_err": [1.0355773624335311e-10, 5.916885611169798e-10, 5.409710663974378e-10, 3.7075658642328842e-09, 1.5078825670042677e-06, 1.809706108741702e-06]}