{"ks": [3], "F1": [0.7656207484963613], "F1_err": [0.03196625886089414], "thresholds": [0.45958294242783293], "thresholds_err": [0.01468803032524231]}