{"F1": [0.1375955117335126, 0.1375955117335126], "F1_err": [0.001722269407195089, 0.001722269407195089], "thresholds": [0.0, 0.0], "thresholds_err": [0.0, 0.0], "clean": [1, 3]}