{"esm": [3], "F1": [0.9419296711981063], "F1_err": [0.00029252975652059793], "thresholds": [0.5000692124425042], "thresholds_err": [1.3694012885150991e-05]}