{"ks": [1, 3, 5, 10, 50], "F1": [0.9785858500595893, 0.9762861148590497, 0.9712293582622863, 0.9598286476002335, 0.917242978135055], "F1_err": [0.0001826550832241759, 0.00023495335507489859, 0.00027222405201363814, 0.0003933054917266478, 0.0006565561973215548], "thresholds": [0.7166665833233786, 0.41042622782906724, 0.44398861039279736, 0.5019277021493223, 0.46482295484575725], "thresholds_err": [0.11925691919822479, 0.057140527263664684, 0.03491073523470189, 0.00023804976155216537, 0.02073081004205509]}