{"ks": [1, 3, 5], "F1": [0.9628319684479372, 0.9619455204697289, 0.9542158932589813], "F1_err": [0.00019456338626585906, 0.00028999163467756205, 0.00027896462403926653], "thresholds": [0.8166665312887902, 0.6667054171808816, 0.6000433414045896], "thresholds_err": [0.11642828534272637, 1.1496341612862992e-05, 1.389512959628656e-05]}