{"ks": [1, 3, 5], "F1": [0.9756876445099927, 0.9746964738045026, 0.9700776059272267], "F1_err": [0.0002521772602957699, 0.0002678244971290687, 0.00022297313518945182], "thresholds": [0.7833332499900453, 0.6664925650820553, 0.6011334497100675], "thresholds_err": [0.08692265718713925, 9.903652423217844e-05, 0.0002947406297348784]}