{"ks": [1], "F1": [0.013952727935521006], "F1_err": [8.386542952171123e-05], "thresholds": [0.0], "thresholds_err": [0.0]}