{"ks": [1, 3, 5, 10, 50], "F1": [0.967306383566396, 0.9631968575430874, 0.9556004488349152, 0.9383376074577109, 0.8776584955577229], "F1_err": [0.00021631019759609424, 0.0002934372940777728, 0.0002890295823959772, 0.0006351346439183386, 0.0011146769946518331], "thresholds": [0.8166665312887902, 0.6000587995893202, 0.4001208854701761, 0.5000622845946637, 0.4041588305341136], "thresholds_err": [0.11642828534272637, 0.05959292634347693, 1.0616062738985597e-05, 1.1364158172490207e-05, 0.006682866098861047]}