{"k1": [3], "F1": [0.128002786394458], "F1_err": [0.000654695676961531], "thresholds": [0.012108084459335155], "thresholds_err": [0.0002264067110706795]}