{"ks": [1], "F1": [0.0003893517002784647], "F1_err": [4.705100759030471e-06], "thresholds": [0.0], "thresholds_err": [0.0]}