{"ks": [3], "F1": [0.9631968575430874], "F1_err": [0.0002934372940777728], "thresholds": [0.6000587995893202], "thresholds_err": [0.05959292634347693]}