{"1": 0.3103448275862069, "3": 0.09523809523809523, "5": 0.0, "4": 0.375, "2": 0.3448275862068966, "6": 0.0, "1.1": 0.0, "3.1": 0.0, "5.3": 0.0, "1.2": 0.0, "1.3": 0.0, "5.1": 0.0, "4.2": 0.25, "2.6": 0.0, "6.3": 0.0, "4.3": 0.0, "2.8": 0.0, "3.7": 0.0, "2.7": 0.09090909090909091, "3.2": 0.0, "3.5": 0.0, "4.1": 0.0, "1.13": 0.0, "6.2": 0.0, "2.3": 0.0, "1.1.99": 0.0, "3.1.1": 0.0, "1.1.3": 0.0, "5.3.1": 0.0, "1.2.1": 0.0, "1.3.8": 0.0, "5.1.3": 0.0, "1.1.1": 0.0, "4.2.1": 0.0, "2.6.1": 0.0, "6.3.1": 0.0, "4.3.1": 0.0, "2.8.3": 0.0, "3.7.1": 0.0, "2.7.1": 0.09090909090909091, "3.2.2": 0.0, "3.5.1": 0.0, "3.1.2": 0.0, "4.1.2": 0.0, "3.5.3": 0.0, "5.1.99": 0.0, "3.5.2": 0.0, "1.13.12": 0.0, "3.2.1": 0.0, "6.2.1": 0.0, "2.3.1": 0.0, "3.1.3": 0.0, "1.1.99.13": 0.0, "3.1.1.15": 0.0, "1.1.3.15": 0.0, "5.3.1.14": 0.0, "1.2.1.26": 0.0, "1.3.8.1": 0.0, "5.1.3.3": 0.0, "1.1.1.48": 0.0, "4.2.1.25": 0.0, "4.2.1.68": 0.0, "2.6.1.57": 0.0, "1.3.8.7": 0.0, "6.3.1.11": 0.0, "4.3.1.9": 0.0, "1.1.1.122": 0.0, "2.8.3.8": 0.0, "3.7.1.2": 0.0, "2.7.1.59": 0.0, "2.6.1.19": 0.0, "5.3.1.7": 0.0, "3.2.2.3": 0.0, "4.2.1.43": 0.0, "4.2.1.5": 0.0, "1.1.1.203": 0.0, "3.5.1.94": 0.0, "3.1.2.4": 0.0, "2.7.1.2": 0.0, "1.2.1.3": 0.0, "4.1.2.19": 0.0, "2.6.1.81": 0.0, "3.5.1.30": 0.0, "4.2.1.17": 0.0, "2.6.1.39": 0.0, "2.8.3.13": 0.0, "3.5.3.6": 0.0, "5.1.99.1": 0.0, "1.1.1.9": 0.0, "2.7.1.5": 0.0, "3.5.2.5": 0.0, "1.13.12.2": 0.0, "3.2.1.20": 0.0, "1.2.1.16": 0.0, "1.1.1.60": 0.0, "1.1.1.103": 0.0, "4.1.2.29": 0.0, "1.1.1.18": 0.0, "5.1.3.29": 0.0, "6.2.1.32": 0.0, "1.1.1.108": 0.0, "2.3.1.9": 0.0, "3.2.1.26": 0.0, "2.7.1.101": 0.0, "3.1.3.5": 0.0, "1.1.1.175": 0.0}