{"2": 0.33035714285714285, "1": 0.18604651162790697, "4": 0.2, "3": 0.13953488372093023, "7": 0.0, "5": 0.0, "6": 0.0, "2.1": 0.0, "1.1": 0.1111111111111111, "4.2": 0.012195121951219513, "3.1": 0.0, "7.2": 0.0, "3.6": 0.07142857142857142, "5.4": 0.0, "2.3": 0.125, "2.7": 0.175, "1.3": 0.0, "4.3": 0.0, "6.2": 0.0, "2.4": 0.3333333333333333, "7.1": 0.0, "3.5": 0.0, "2.5": 0.2222222222222222, "1.2": 0.0, "6.3": 0.0, "4.1": 0.0, "1.6": 0.0, "1.5": 0.0, "3.2": 0.0, "3.4": 0.0, "5.3": 0.0, "5.1": 0.0, "2.1.1": 0.0, "1.1.1": 0.022727272727272728, "4.2.3": 0.015625, "3.1.2": 0.0, "7.2.2": 0.0, "3.6.1": 0.1, "4.2.1": 0.0, "5.4.9": 0.0, "1.1.3": 0.1, "2.3.1": 0.0, "2.7.7": 0.0, "2.7.1": 0.05263157894736842, "1.3.1": 0.0, "4.3.1": 0.0, "6.2.1": 0.0, "2.4.1": 0.2727272727272727, "7.1.1": 0.0, "3.5.4": 0.0, "2.5.1": 0.2222222222222222, "2.3.3": 0.0, "1.2.1": 0.0, "1.1.5": 0.0, "2.3.2": 0.0, "6.3.4": 0.0, "4.1.1": 0.0, "1.6.5": 0.0, "1.2.3": 0.0, "3.1.3": 0.0, "1.5.1": 0.0, "3.6.4": 0.0, "1.1.9": 0.0, "3.2.1": 0.0, "2.7.4": 0.0, "3.1.1": 0.0, "3.4.1": 0.0, "5.3.3": 0.0, "5.1.1": 0.0, "6.3.1": 0.0, "3.5.1": 0.0, "1.1.2": 0.0, "2.4.2": 0.0, "2.7.2": 0.0, "3.4.2": 0.0, "2.1.1.3": 0.0, "1.1.1.2": 0.0, "4.2.3.1": 0.0, "3.1.2.2": 0.0, "7.2.2.2": 0.0, "3.6.1.4": 0.0, "4.2.1.1": 0.0, "5.4.9.7": 0.0, "1.1.3.1": 0.0, "2.3.1.9": 0.0, "1.1.1.5": 0.0, "2.7.7.1": 0.0, "3.1.2.5": 0.0, "2.7.1.1": 0.125, "1.3.1.7": 0.0, "4.3.1.2": 0.0, "6.2.1.7": 0.0, "2.4.1.1": 0.0, "2.3.1.2": 0.0, "7.1.1.7": 0.0, "3.5.4.3": 0.0, "4.2.3.7": 0.0, "1.1.1.1": 0.0, "4.2.3.8": 0.0, "2.1.1.7": 0.0, "2.5.1.2": 0.0, "2.7.1.2": 0.0, "2.3.3.1": 0.0, "2.7.1.8": 0.0, "1.2.1.4": 0.0, "1.1.5.1": 0.0, "2.3.2.2": 0.0, "6.3.4.1": 0.0, "1.1.1.4": 0.0, "4.1.1.3": 0.0, "4.2.3.5": 0.0, "1.6.5.5": 0.0, "3.6.1.6": 0.0, "2.7.1.3": 0.0, "4.2.3.2": 0.0, "1.2.3.5": 0.0, "3.1.3.1": 0.0, "4.2.3.4": 0.0, "1.2.1.8": 0.0, "1.5.1.3": 0.0, "3.6.4.1": 0.0, "2.7.7.8": 0.0, "2.4.1.2": 0.5, "1.1.9.3": 0.0, "1.1.3.2": 0.0, "1.2.1.1": 0.0, "3.2.1.8": 0.0, "2.7.4.2": 0.0, "1.1.1.7": 0.0, "2.5.1.1": 0.0, "3.1.1.1": 0.0, "3.1.2.4": 0.0, "3.4.1.1": 0.0, "2.3.2.3": 0.0, "1.1.1.6": 0.0, "2.7.7.7": 0.0, "5.3.3.2": 0.0, "5.1.1.4": 0.0, "1.3.1.3": 0.0, "6.2.1.2": 0.0, "6.3.1.1": 0.0, "3.1.3.4": 0.0, "3.2.1.5": 0.0, "3.5.1.4": 0.0, "1.1.1.3": 0.0, "1.2.1.3": 0.0, "4.2.1.7": 0.0, "3.1.3.5": 0.0, "3.6.1.2": 0.0, "1.1.9.6": 0.0, "1.1.2.3": 0.0, "2.4.2.6": 0.0, "2.1.1.6": 0.0, "1.1.9.2": 0.0, "2.7.2.1": 0.0, "3.1.2.3": 0.0, "2.1.1.4": 0.0, "3.4.1.5": 0.0, "2.3.1.1": 0.0, "3.2.1.1": 0.0, "2.7.4.3": 0.0, "3.4.2.5": 0.0, "4.1.1.5": 0.0, "2.1.1.2": 0.0}