{"2": 0.3482142857142857, "1": 0.18604651162790697, "4": 0.2, "3": 0.13953488372093023, "7": 0.0, "5": 0.0, "6": 0.0, "2.1": 0.0, "1.14": 0.0, "4.2": 0.012195121951219513, "3.1": 0.0, "7.2": 0.0, "3.6": 0.07142857142857142, "5.4": 0.0, "1.16": 1.0, "2.3": 0.125, "2.7": 0.175, "1.3": 0.0, "4.3": 0.0, "6.2": 0.0, "2.4": 0.3333333333333333, "7.1": 0.0, "3.5": 0.0, "2.5": 0.2222222222222222, "1.2": 0.0, "1.1": 0.0, "6.3": 0.0, "4.1": 0.0, "1.6": 0.0, "1.5": 0.0, "3.2": 0.0, "1.13": 0.0, "3.4": 0.0, "5.3": 0.0, "5.1": 0.0, "2.1.1": 0.0, "1.14.19": 0.0, "4.2.3": 0.015625, "3.1.2": 0.0, "7.2.2": 0.0, "3.6.1": 0.1, "4.2.1": 0.0, "5.4.99": 0.0, "1.16.3": 1.0, "2.3.1": 0.0, "1.14.11": 0.0, "2.7.7": 0.0, "3.1.26": 0.0, "2.7.11": 0.0, "1.3.1": 0.0, "4.3.1": 0.0, "6.2.1": 0.0, "2.4.1": 0.2727272727272727, "7.1.1": 0.0, "3.5.4": 0.0, "1.14.14": 0.0, "2.5.1": 0.2222222222222222, "2.3.3": 0.0, "2.7.1": 0.0, "1.2.1": 0.0, "1.1.5": 0.0, "2.3.2": 0.0, "1.1.3": 0.0, "6.3.4": 0.0, "4.1.1": 0.0, "1.6.5": 0.0, "1.1.1": 0.0, "1.2.3": 0.0, "3.1.3": 0.0, "1.5.1": 0.0, "3.6.4": 0.0, "1.1.99": 0.0, "2.7.13": 0.0, "3.2.1": 0.0, "2.7.4": 0.0, "1.13.11": 0.0, "3.1.1": 0.0, "3.1.21": 0.0, "3.4.19": 0.0, "5.3.3": 0.0, "5.1.1": 0.0, "1.14.18": 0.0, "6.3.1": 0.0, "3.5.1": 0.0, "1.1.2": 0.0, "2.4.2": 0.0, "2.7.2": 0.0, "3.4.16": 0.0, "3.4.14": 0.0, "3.4.22": 0.0, "2.1.1.366": 0.0, "1.14.19.20": 0.0, "4.2.3.107": 0.0, "4.2.3.112": 0.0, "3.1.2.22": 0.0, "7.2.2.20": 0.0, "3.6.1.41": 0.0, "4.2.1.113": 0.0, "5.4.99.7": 0.0, "1.16.3.1": 0.0, "2.3.1.9": 0.0, "2.1.1.37": 0.0, "1.14.11.53": 0.0, "2.7.7.102": 0.0, "3.1.26.5": 0.0, "2.7.11.1": 0.0, "1.3.1.70": 0.0, "4.2.3.104": 0.0, "4.3.1.24": 0.0, "6.2.1.71": 0.0, "2.4.1.152": 0.0, "2.3.1.222": 0.0, "7.1.1.7": 0.0, "3.5.4.38": 0.0, "4.2.3.73": 0.0, "1.14.14.154": 0.0, "4.2.3.81": 0.0, "2.1.1.72": 0.0, "2.5.1.21": 0.0, "2.7.11.24": 0.0, "2.3.3.10": 0.0, "2.7.1.83": 0.0, "2.7.1.177": 0.0, "1.2.1.47": 0.0, "2.7.7.19": 0.0, "1.1.5.13": 0.0, "4.2.3.121": 0.0, "2.3.2.27": 0.0, "1.1.3.15": 0.0, "6.3.4.13": 0.0, "4.2.3.119": 0.0, "1.14.19.41": 0.0, "4.1.1.33": 0.0, "4.2.3.108": 0.0, "4.2.3.52": 0.0, "1.3.1.71": 0.0, "1.6.5.5": 0.0, "3.6.1.68": 0.0, "2.1.1.369": 0.0, "2.7.1.36": 0.0, "1.1.1.269": 0.0, "4.2.3.26": 0.0, "2.3.1.286": 0.0, "1.2.3.5": 0.0, "1.1.1.105": 0.0, "3.1.3.15": 0.0, "1.1.1.22": 0.0, "4.2.3.47": 0.0, "1.2.1.87": 0.0, "1.5.1.37": 0.0, "4.2.3.110": 0.0, "1.14.14.17": 0.0, "3.6.4.12": 0.0, "4.2.3.23": 0.0, "3.1.3.16": 0.0, "4.2.1.119": 0.0, "2.1.1.364": 0.0, "2.7.1.227": 0.0, "2.7.7.18": 0.0, "3.5.4.39": 0.0, "2.7.7.86": 0.0, "2.4.1.207": 0.0, "1.1.1.170": 0.0, "3.1.2.20": 0.0, "1.1.99.39": 0.0, "4.2.3.10": 0.0, "4.2.3.120": 0.0, "1.1.3.20": 0.0, "2.7.13.3": 0.0, "1.2.1.19": 0.0, "3.2.1.8": 0.0, "2.7.4.22": 0.0, "1.13.11.71": 0.0, "2.5.1.10": 0.0, "3.1.1.1": 0.0, "4.2.3.20": 0.0, "3.1.21.4": 0.0, "1.13.11.12": 0.0, "1.1.3.21": 0.0, "3.4.19.12": 0.0, "2.3.2.31": 0.0, "1.1.1.61": 0.0, "2.1.1.367": 0.0, "2.7.7.71": 0.0, "5.3.3.2": 0.0, "1.1.1.270": 0.0, "4.2.3.59": 0.0, "4.2.3.106": 0.0, "4.2.3.194": 0.0, "2.3.1.225": 0.0, "2.7.4.2": 0.0, "4.2.3.57": 0.0, "5.1.1.4": 0.0, "1.3.1.32": 0.0, "3.6.4.10": 0.0, "6.2.1.2": 0.0, "1.14.18.1": 0.0, "4.2.3.71": 0.0, "6.3.1.11": 0.0, "3.1.3.48": 0.0, "3.2.1.54": 0.0, "3.5.1.4": 0.0, "1.14.11.67": 0.0, "4.2.3.115": 0.0, "3.1.21.5": 0.0, "4.2.3.111": 0.0, "1.1.1.37": 0.0, "1.2.1.3": 0.0, "4.2.3.58": 0.0, "4.2.1.70": 0.0, "4.2.3.15": 0.0, "1.14.11.66": 0.0, "3.1.3.5": 0.0, "3.6.1.23": 0.0, "4.2.3.133": 0.0, "4.2.3.117": 0.0, "1.1.99.6": 0.0, "1.1.2.3": 0.0, "4.2.3.18": 0.0, "3.6.4.13": 0.0, "1.1.1.2": 0.0, "4.2.3.79": 0.0, "1.14.14.108": 0.0, "2.7.1.168": 0.0, "1.14.11.69": 0.0, "2.4.2.60": 0.0, "2.1.1.69": 0.0, "4.2.1.1": 0.0, "1.1.99.2": 0.0, "2.7.2.15": 0.0, "1.13.11.37": 0.0, "3.1.21.3": 0.0, "2.1.1.41": 0.0, "3.4.16.5": 0.0, "2.3.1.108": 0.0, "3.2.1.135": 0.0, "3.4.14.1": 0.0, "2.7.4.3": 0.0, "4.2.3.46": 0.0, "3.4.22.59": 0.0, "1.1.1.146": 0.0, "4.1.1.52": 0.0, "2.5.1.29": 0.0, "2.1.1.226": 0.0}