{"1": 0.9655172413793104, "3": 1.0, "5": 1.0, "4": 0.75, "2": 0.9655172413793104, "6": 1.0, "1.1": 0.9411764705882353, "3.1": 1.0, "5.3": 1.0, "1.2": 1.0, "1.3": 1.0, "5.1": 1.0, "4.2": 0.5, "2.6": 1.0, "6.3": 1.0, "4.3": 1.0, "2.8": 0.6666666666666666, "3.7": 1.0, "2.7": 1.0, "3.2": 1.0, "3.5": 0.8888888888888888, "4.1": 1.0, "6.2": 1.0, "2.3": 1.0, "1.1.9": 0.0, "3.1.1": 1.0, "1.1.3": 0.0, "5.3.1": 1.0, "1.2.1": 1.0, "1.3.8": 0.7647058823529411, "5.1.3": 1.0, "1.1.1": 0.9, "4.2.1": 0.5, "2.6.1": 1.0, "6.3.1": 0.8571428571428571, "4.3.1": 1.0, "2.8.3": 0.6666666666666666, "3.7.1": 1.0, "2.7.1": 1.0, "3.2.2": 1.0, "3.5.1": 1.0, "3.1.2": 1.0, "4.1.2": 1.0, "3.5.3": 1.0, "5.1.9": 1.0, "3.5.2": 0.0, "3.2.1": 1.0, "6.2.1": 1.0, "2.3.1": 1.0, "3.1.3": 1.0, "1.1.9.1": 0.0, "3.1.1.1": 0.0, "1.1.3.1": 0.0, "5.3.1.1": 0.0, "1.2.1.2": 1.0, "1.3.8.1": 0.5, "5.1.3.3": 1.0, "1.1.1.4": 0.0, "4.2.1.2": 1.0, "4.2.1.6": 0.0, "2.6.1.5": 1.0, "1.3.8.7": 1.0, "6.3.1.1": 0.8571428571428571, "4.3.1.9": 0.0, "1.1.1.1": 0.375, "2.8.3.8": 0.0, "3.7.1.2": 1.0, "2.7.1.5": 0.0, "2.6.1.1": 1.0, "5.3.1.7": 1.0, "3.2.2.3": 1.0, "4.2.1.4": 0.2857142857142857, "4.2.1.5": 0.0, "1.1.1.2": 1.0, "3.5.1.9": 1.0, "3.1.2.4": 1.0, "2.7.1.2": 0.0, "1.2.1.3": 0.0, "4.1.2.1": 1.0, "2.6.1.8": 0.0, "3.5.1.3": 1.0, "4.2.1.1": 0.0, "2.6.1.3": 0.0, "2.8.3.1": 0.0, "3.5.3.6": 1.0, "5.1.9.1": 1.0, "1.1.1.9": 0.0, "3.5.2.5": 0.0, "3.2.1.2": 0.5, "1.2.1.1": 0.0, "1.1.1.6": 0.0, "4.1.2.2": 1.0, "5.1.3.2": 0.0, "6.2.1.3": 0.0, "2.3.1.9": 1.0, "2.7.1.1": 1.0, "3.1.3.5": 0.0}