{"2": 0.9910714285714286, "1": 0.9883720930232558, "4": 0.8555555555555555, "3": 0.9186046511627907, "7": 1.0, "5": 1.0, "6": 1.0, "2.1": 0.9629629629629629, "1.1": 0.8888888888888888, "4.2": 0.8414634146341463, "3.1": 0.9166666666666666, "7.2": 1.0, "3.6": 0.35714285714285715, "5.4": 1.0, "2.3": 0.9583333333333334, "2.7": 1.0, "1.3": 1.0, "4.3": 1.0, "6.2": 0.6666666666666666, "2.4": 1.0, "7.1": 1.0, "3.5": 1.0, "2.5": 1.0, "1.2": 0.9166666666666666, "6.3": 1.0, "4.1": 1.0, "1.6": 1.0, "1.5": 1.0, "3.2": 1.0, "3.4": 1.0, "5.3": 1.0, "5.1": 1.0, "2.1.1": 0.9629629629629629, "1.1.1": 0.9545454545454546, "4.2.3": 0.953125, "3.1.2": 0.5384615384615384, "7.2.2": 1.0, "3.6.1": 0.1, "4.2.1": 0.4444444444444444, "5.4.9": 1.0, "1.1.3": 0.5, "2.3.1": 1.0, "2.7.7": 1.0, "2.7.1": 1.0, "1.3.1": 1.0, "4.3.1": 1.0, "6.2.1": 0.6666666666666666, "2.4.1": 1.0, "7.1.1": 1.0, "3.5.4": 1.0, "2.5.1": 1.0, "2.3.3": 1.0, "1.2.1": 1.0, "1.1.5": 1.0, "2.3.2": 0.8, "6.3.4": 0.5, "4.1.1": 1.0, "1.6.5": 1.0, "1.2.3": 0.0, "3.1.3": 1.0, "1.5.1": 1.0, "3.6.4": 1.0, "1.1.9": 0.0, "3.2.1": 1.0, "2.7.4": 1.0, "3.1.1": 1.0, "3.4.1": 1.0, "5.3.3": 1.0, "5.1.1": 1.0, "6.3.1": 1.0, "3.5.1": 1.0, "1.1.2": 1.0, "2.4.2": 1.0, "2.7.2": 1.0, "3.4.2": 1.0, "2.1.1.3": 0.9473684210526315, "1.1.1.2": 0.8571428571428571, "4.2.3.1": 0.8292682926829268, "3.1.2.2": 0.5483870967741935, "7.2.2.2": 1.0, "3.6.1.4": 0.0, "4.2.1.1": 0.29411764705882354, "5.4.9.7": 1.0, "1.1.3.1": 0.42857142857142855, "2.3.1.9": 1.0, "1.1.1.5": 0.8888888888888888, "2.7.7.1": 0.9166666666666666, "3.1.2.5": 0.5, "2.7.1.1": 0.875, "1.3.1.7": 0.5714285714285714, "4.3.1.2": 1.0, "6.2.1.7": 0.0, "2.4.1.1": 0.6, "2.3.1.2": 1.0, "7.1.1.7": 1.0, "3.5.4.3": 1.0, "4.2.3.7": 0.2, "1.1.1.1": 0.6428571428571429, "4.2.3.8": 0.0, "2.1.1.7": 0.8, "2.5.1.2": 0.8, "2.7.1.2": 1.0, "2.3.3.1": 1.0, "2.7.1.8": 0.0, "1.2.1.4": 0.8, "1.1.5.1": 1.0, "2.3.2.2": 0.75, "6.3.4.1": 0.5, "1.1.1.4": 1.0, "4.1.1.3": 1.0, "4.2.3.5": 0.1, "1.6.5.5": 1.0, "3.6.1.6": 0.0, "2.7.1.3": 1.0, "4.2.3.2": 0.2, "1.2.3.5": 0.0, "3.1.3.1": 0.25, "4.2.3.4": 0.5, "1.2.1.8": 1.0, "1.5.1.3": 1.0, "3.6.4.1": 1.0, "2.7.7.8": 0.5, "2.4.1.2": 1.0, "1.1.9.3": 0.0, "1.1.3.2": 0.0, "1.2.1.1": 0.5, "3.2.1.8": 1.0, "2.7.4.2": 1.0, "1.1.1.7": 1.0, "2.5.1.1": 1.0, "3.1.1.1": 0.0, "3.1.2.4": 0.4, "3.4.1.1": 1.0, "2.3.2.3": 1.0, "1.1.1.6": 0.5, "2.7.7.7": 1.0, "5.3.3.2": 1.0, "5.1.1.4": 1.0, "1.3.1.3": 1.0, "6.2.1.2": 0.0, "6.3.1.1": 0.0, "3.1.3.4": 0.5, "3.2.1.5": 0.0, "3.5.1.4": 1.0, "1.1.1.3": 0.75, "1.2.1.3": 1.0, "4.2.1.7": 1.0, "3.1.3.5": 0.0, "3.6.1.2": 1.0, "1.1.9.6": 0.0, "1.1.2.3": 1.0, "2.4.2.6": 1.0, "2.1.1.6": 1.0, "1.1.9.2": 0.0, "2.7.2.1": 1.0, "3.1.2.3": 1.0, "2.1.1.4": 1.0, "3.4.1.5": 1.0, "2.3.1.1": 0.0, "3.2.1.1": 0.0, "2.7.4.3": 0.0, "3.4.2.5": 1.0, "4.1.1.5": 1.0, "2.1.1.2": 1.0}