{"2": 0.9910714285714286, "1": 0.9883720930232558, "4": 0.8555555555555555, "3": 0.9186046511627907, "7": 1.0, "5": 1.0, "6": 1.0, "2.1": 0.9629629629629629, "1.14": 0.9629629629629629, "4.2": 0.8414634146341463, "3.1": 0.9166666666666666, "7.2": 1.0, "3.6": 0.35714285714285715, "5.4": 1.0, "1.16": 0.0, "2.3": 0.9583333333333334, "2.7": 1.0, "1.3": 1.0, "4.3": 1.0, "6.2": 0.6666666666666666, "2.4": 1.0, "7.1": 1.0, "3.5": 1.0, "2.5": 1.0, "1.2": 0.9166666666666666, "1.1": 0.7333333333333333, "6.3": 1.0, "4.1": 1.0, "1.6": 1.0, "1.5": 1.0, "3.2": 1.0, "1.13": 1.0, "3.4": 1.0, "5.3": 1.0, "5.1": 1.0, "2.1.1": 0.9629629629629629, "1.14.19": 1.0, "4.2.3": 0.953125, "3.1.2": 0.5483870967741935, "7.2.2": 1.0, "3.6.1": 0.1, "4.2.1": 0.4444444444444444, "5.4.99": 1.0, "1.16.3": 0.0, "2.3.1": 1.0, "1.14.11": 0.9166666666666666, "2.7.7": 1.0, "3.1.26": 0.0, "2.7.11": 0.8181818181818182, "1.3.1": 1.0, "4.3.1": 1.0, "6.2.1": 0.6666666666666666, "2.4.1": 1.0, "7.1.1": 1.0, "3.5.4": 1.0, "1.14.14": 1.0, "2.5.1": 1.0, "2.3.3": 1.0, "2.7.1": 1.0, "1.2.1": 1.0, "1.1.5": 1.0, "2.3.2": 0.8, "1.1.3": 0.4444444444444444, "6.3.4": 0.5, "4.1.1": 1.0, "1.6.5": 1.0, "1.1.1": 0.9166666666666666, "1.2.3": 0.0, "3.1.3": 1.0, "1.5.1": 1.0, "3.6.4": 1.0, "1.1.99": 0.0, "2.7.13": 1.0, "3.2.1": 1.0, "2.7.4": 1.0, "1.13.11": 1.0, "3.1.1": 1.0, "3.1.21": 0.5714285714285714, "3.4.19": 1.0, "5.3.3": 1.0, "5.1.1": 1.0, "1.14.18": 1.0, "6.3.1": 1.0, "3.5.1": 1.0, "1.1.2": 1.0, "2.4.2": 1.0, "2.7.2": 1.0, "3.4.16": 1.0, "3.4.14": 1.0, "3.4.22": 1.0, "2.1.1.366": 0.125, "1.14.19.20": 1.0, "4.2.3.107": 0.25, "4.2.3.112": 1.0, "3.1.2.22": 0.0, "7.2.2.20": 0.0, "3.6.1.41": 0.0, "4.2.1.113": 0.3076923076923077, "5.4.99.7": 1.0, "1.16.3.1": 0.0, "2.3.1.9": 1.0, "2.1.1.37": 1.0, "1.14.11.53": 0.7777777777777778, "2.7.7.102": 1.0, "3.1.26.5": 0.0, "2.7.11.1": 0.8333333333333334, "1.3.1.70": 1.0, "4.2.3.104": 0.0, "4.3.1.24": 0.5, "6.2.1.71": 0.0, "2.4.1.152": 0.6, "2.3.1.222": 1.0, "7.1.1.7": 1.0, "3.5.4.38": 1.0, "4.2.3.73": 0.0, "1.14.14.154": 1.0, "4.2.3.81": 0.0, "2.1.1.72": 0.8, "2.5.1.21": 1.0, "2.7.11.24": 0.8, "2.3.3.10": 1.0, "2.7.1.83": 0.0, "2.7.1.177": 1.0, "1.2.1.47": 0.8, "2.7.7.19": 1.0, "1.1.5.13": 1.0, "4.2.3.121": 1.0, "2.3.2.27": 0.75, "1.1.3.15": 0.5, "6.3.4.13": 0.5, "4.2.3.119": 1.0, "1.14.19.41": 1.0, "4.1.1.33": 1.0, "4.2.3.108": 0.2, "4.2.3.52": 0.0, "1.3.1.71": 0.25, "1.6.5.5": 1.0, "3.6.1.68": 0.0, "2.1.1.369": 1.0, "2.7.1.36": 1.0, "1.1.1.269": 1.0, "4.2.3.26": 0.0, "2.3.1.286": 1.0, "1.2.3.5": 0.0, "1.1.1.105": 0.0, "3.1.3.15": 0.0, "1.1.1.22": 1.0, "4.2.3.47": 0.0, "1.2.1.87": 0.0, "1.5.1.37": 0.0, "4.2.3.110": 0.0, "1.14.14.17": 1.0, "3.6.4.12": 1.0, "4.2.3.23": 1.0, "3.1.3.16": 0.5, "4.2.1.119": 0.3333333333333333, "2.1.1.364": 0.0, "2.7.1.227": 0.0, "2.7.7.18": 0.5, "3.5.4.39": 1.0, "2.7.7.86": 0.5, "2.4.1.207": 1.0, "1.1.1.170": 1.0, "3.1.2.20": 0.0, "1.1.99.39": 0.0, "4.2.3.10": 0.0, "4.2.3.120": 0.0, "1.1.3.20": 0.0, "2.7.13.3": 1.0, "1.2.1.19": 0.5, "3.2.1.8": 1.0, "2.7.4.22": 1.0, "1.13.11.71": 1.0, "2.5.1.10": 1.0, "3.1.1.1": 0.0, "4.2.3.20": 0.0, "3.1.21.4": 0.4, "1.13.11.12": 0.0, "1.1.3.21": 0.0, "3.4.19.12": 1.0, "2.3.2.31": 1.0, "1.1.1.61": 0.0, "2.1.1.367": 0.0, "2.7.7.71": 1.0, "5.3.3.2": 1.0, "1.1.1.270": 1.0, "4.2.3.59": 0.0, "4.2.3.106": 0.0, "4.2.3.194": 0.0, "2.3.1.225": 1.0, "2.7.4.2": 1.0, "4.2.3.57": 0.0, "5.1.1.4": 1.0, "1.3.1.32": 1.0, "3.6.4.10": 1.0, "6.2.1.2": 0.0, "1.14.18.1": 1.0, "4.2.3.71": 1.0, "6.3.1.11": 0.0, "3.1.3.48": 0.5, "3.2.1.54": 0.0, "3.5.1.4": 1.0, "1.14.11.67": 1.0, "4.2.3.115": 0.0, "3.1.21.5": 1.0, "4.2.3.111": 0.0, "1.1.1.37": 1.0, "1.2.1.3": 1.0, "4.2.3.58": 1.0, "4.2.1.70": 1.0, "4.2.3.15": 0.0, "1.14.11.66": 0.0, "3.1.3.5": 0.0, "3.6.1.23": 1.0, "4.2.3.133": 0.5, "4.2.3.117": 0.0, "1.1.99.6": 0.0, "1.1.2.3": 1.0, "4.2.3.18": 1.0, "3.6.4.13": 1.0, "1.1.1.2": 0.0, "4.2.3.79": 0.0, "1.14.14.108": 1.0, "2.7.1.168": 1.0, "1.14.11.69": 0.0, "2.4.2.60": 1.0, "2.1.1.69": 1.0, "4.2.1.1": 0.0, "1.1.99.2": 0.0, "2.7.2.15": 1.0, "1.13.11.37": 0.6666666666666666, "3.1.21.3": 1.0, "2.1.1.41": 1.0, "3.4.16.5": 1.0, "2.3.1.108": 0.0, "3.2.1.135": 0.0, "3.4.14.1": 1.0, "2.7.4.3": 0.0, "4.2.3.46": 1.0, "3.4.22.59": 1.0, "1.1.1.146": 1.0, "4.1.1.52": 1.0, "2.5.1.29": 0.0, "2.1.1.226": 1.0}