{"1": 0.9655172413793104, "3": 1.0, "5": 1.0, "4": 0.75, "2": 0.9655172413793104, "6": 1.0, "1.1": 0.9090909090909091, "3.1": 1.0, "5.3": 1.0, "1.2": 1.0, "1.3": 1.0, "5.1": 1.0, "4.2": 0.5, "2.6": 1.0, "6.3": 1.0, "4.3": 1.0, "2.8": 0.6666666666666666, "3.7": 1.0, "2.7": 1.0, "3.2": 1.0, "3.5": 0.8888888888888888, "4.1": 1.0, "1.13": 1.0, "6.2": 1.0, "2.3": 1.0, "1.1.99": 0.0, "3.1.1": 1.0, "1.1.3": 0.0, "5.3.1": 1.0, "1.2.1": 1.0, "1.3.8": 0.7647058823529411, "5.1.3": 1.0, "1.1.1": 0.8947368421052632, "4.2.1": 0.5, "2.6.1": 1.0, "6.3.1": 0.8571428571428571, "4.3.1": 1.0, "2.8.3": 0.6666666666666666, "3.7.1": 1.0, "2.7.1": 1.0, "3.2.2": 1.0, "3.5.1": 1.0, "3.1.2": 1.0, "4.1.2": 1.0, "3.5.3": 1.0, "5.1.99": 1.0, "3.5.2": 0.0, "1.13.12": 1.0, "3.2.1": 1.0, "6.2.1": 1.0, "2.3.1": 1.0, "3.1.3": 1.0, "1.1.99.13": 0.0, "3.1.1.15": 0.0, "1.1.3.15": 0.0, "5.3.1.14": 0.0, "1.2.1.26": 1.0, "1.3.8.1": 0.5, "5.1.3.3": 1.0, "1.1.1.48": 0.0, "4.2.1.25": 1.0, "4.2.1.68": 0.0, "2.6.1.57": 1.0, "1.3.8.7": 1.0, "6.3.1.11": 0.8571428571428571, "4.3.1.9": 0.0, "1.1.1.122": 0.0, "2.8.3.8": 0.0, "3.7.1.2": 1.0, "2.7.1.59": 0.0, "2.6.1.19": 0.0, "5.3.1.7": 1.0, "3.2.2.3": 1.0, "4.2.1.43": 0.2857142857142857, "4.2.1.5": 0.0, "1.1.1.203": 1.0, "3.5.1.94": 1.0, "3.1.2.4": 1.0, "2.7.1.2": 0.0, "1.2.1.3": 0.0, "4.1.2.19": 1.0, "2.6.1.81": 0.0, "3.5.1.30": 1.0, "4.2.1.17": 0.0, "2.6.1.39": 0.0, "2.8.3.13": 0.0, "3.5.3.6": 1.0, "5.1.99.1": 1.0, "1.1.1.9": 0.0, "2.7.1.5": 0.0, "3.5.2.5": 0.0, "1.13.12.2": 1.0, "3.2.1.20": 0.0, "1.2.1.16": 0.0, "1.1.1.60": 0.0, "1.1.1.103": 0.0, "4.1.2.29": 1.0, "1.1.1.18": 1.0, "5.1.3.29": 0.0, "6.2.1.32": 0.0, "1.1.1.108": 0.3333333333333333, "2.3.1.9": 1.0, "3.2.1.26": 1.0, "2.7.1.101": 1.0, "3.1.3.5": 0.0, "1.1.1.175": 0.0}