{"1": 0.3275862068965517, "3": 0.09523809523809523, "5": 0.0, "4": 0.375, "2": 0.3448275862068966, "6": 0.0, "1.1": 0.11764705882352941, "3.1": 0.0, "5.3": 0.0, "1.2": 0.0, "1.3": 0.0, "5.1": 0.0, "4.2": 0.25, "2.6": 0.0, "6.3": 0.0, "4.3": 0.0, "2.8": 0.0, "3.7": 0.0, "2.7": 0.09090909090909091, "3.2": 0.0, "3.5": 0.0, "4.1": 0.0, "6.2": 0.0, "2.3": 0.0, "1.1.9": 0.0, "3.1.1": 0.0, "1.1.3": 0.0, "5.3.1": 0.0, "1.2.1": 0.0, "1.3.8": 0.0, "5.1.3": 0.0, "1.1.1": 0.05, "4.2.1": 0.0, "2.6.1": 0.0, "6.3.1": 0.0, "4.3.1": 0.0, "2.8.3": 0.0, "3.7.1": 0.0, "2.7.1": 0.09090909090909091, "3.2.2": 0.0, "3.5.1": 0.0, "3.1.2": 0.0, "4.1.2": 0.0, "3.5.3": 0.0, "5.1.9": 0.0, "3.5.2": 0.0, "3.2.1": 0.0, "6.2.1": 0.0, "2.3.1": 0.0, "3.1.3": 0.0, "1.1.9.1": 0.0, "3.1.1.1": 0.0, "1.1.3.1": 0.0, "5.3.1.1": 0.0, "1.2.1.2": 0.0, "1.3.8.1": 0.0, "5.1.3.3": 0.0, "1.1.1.4": 0.0, "4.2.1.2": 0.0, "4.2.1.6": 0.0, "2.6.1.5": 0.0, "1.3.8.7": 0.0, "6.3.1.1": 0.0, "4.3.1.9": 0.0, "1.1.1.1": 0.0, "2.8.3.8": 0.0, "3.7.1.2": 0.0, "2.7.1.5": 0.0, "2.6.1.1": 0.0, "5.3.1.7": 0.0, "3.2.2.3": 0.0, "4.2.1.4": 0.0, "4.2.1.5": 0.0, "1.1.1.2": 0.0, "3.5.1.9": 0.0, "3.1.2.4": 0.0, "2.7.1.2": 0.0, "1.2.1.3": 0.0, "4.1.2.1": 0.0, "2.6.1.8": 0.0, "3.5.1.3": 0.0, "4.2.1.1": 0.0, "2.6.1.3": 0.0, "2.8.3.1": 0.0, "3.5.3.6": 0.0, "5.1.9.1": 0.0, "1.1.1.9": 0.0, "3.5.2.5": 0.0, "3.2.1.2": 0.0, "1.2.1.1": 0.0, "1.1.1.6": 0.0, "4.1.2.2": 0.0, "5.1.3.2": 0.0, "6.2.1.3": 0.0, "2.3.1.9": 0.0, "2.7.1.1": 0.0, "3.1.3.5": 0.0}