{"accuracy": 0.8289898132427844, "f1_weighted": 0.8877556324255279, "recall_weighted": 0.8296542333718435, "precision_weighted": 0.9947087765380787, "f1_samples": 0.8292020373514432, "recall_samples": 0.8291595925297114, "precision_samples": 0.8292975382003396}