{"accuracy": 0.7471255644518651, "f1_weighted": 0.8182843048488991, "recall_weighted": 0.7490807799442897, "precision_weighted": 0.9543138508041015, "f1_samples": 0.7478591937666805, "recall_samples": 0.7476947596099116, "precision_samples": 0.7482070352521535}