{"accuracy": 0.4703971789161099, "f1_weighted": 0.5436539611112141, "recall_weighted": 0.47354521446134235, "precision_weighted": 0.7475639741371459, "f1_samples": 0.4705209106656768, "recall_samples": 0.4704899777282851, "precision_samples": 0.47058277654046027}