{"accuracy": 0.8492012294615414, "f1_weighted": 0.9046254628981789, "recall_weighted": 0.8495861019339991, "precision_weighted": 1.0, "f1_samples": 0.84942890752476, "recall_samples": 0.8493719880089553, "precision_samples": 0.8495427465563693}