{"accuracy": 0.04201776577330569, "f1_weighted": 0.045934966709575115, "recall_weighted": 0.04127120544055003, "precision_weighted": 0.05591884014647635, "f1_samples": 0.04201776577330569, "recall_samples": 0.04201776577330569, "precision_samples": 0.04201776577330569}