{"accuracy": 0.9139291017074982, "f1_weighted": 0.9527385231514665, "recall_weighted": 0.9136690647482014, "precision_weighted": 0.9999050743661416, "f1_samples": 0.9141146993318485, "recall_samples": 0.914068299925761, "precision_samples": 0.9142074981440238}