{"accuracy": 0.8731951129211403, "f1_weighted": 0.9265797636097606, "recall_weighted": 0.8720650767239786, "precision_weighted": 0.9998049772511036, "f1_samples": 0.8731951129211403, "recall_samples": 0.8731951129211403, "precision_samples": 0.8731951129211403}