{"accuracy": 0.9397271714922049, "f1_weighted": 0.9677578484241914, "recall_weighted": 0.9396469139181607, "precision_weighted": 0.9998996276450555, "f1_samples": 0.9399746349913387, "recall_samples": 0.9399591685226429, "precision_samples": 0.9400519673348181}