{"accuracy": 0.009196827952023433, "f1_weighted": 0.010606836068910039, "recall_weighted": 0.008665058803053283, "precision_weighted": 0.013706153499853789, "f1_samples": 0.009196827952023433, "recall_samples": 0.009196827952023433, "precision_samples": 0.009196827952023433}