{"accuracy": [0.44, 0.52, 0.42857142857142855], "f1_weighted": [0.43131868131868134, 0.5626666666666665, 0.4823809523809524], "recall_weighted": [0.4230769230769231, 0.52, 0.42], "precision_weighted": [0.4519230769230769, 0.64, 0.62], "f1_samples": [0.44, 0.52, 0.42857142857142855], "recall_samples": [0.44, 0.52, 0.42857142857142855], "precision_samples": [0.44, 0.52, 0.42857142857142855]}