{"accuracy": [0.65, 0.3, 0.4, 0.6, 0.3], "f1_weighted": [0.82020202020202, 0.6733863837312114, 0.8051136363636363, 0.8680555555555556, 0.8001533350370559], "recall_weighted": [0.7878787878787878, 0.7586206896551724, 0.84375, 0.9166666666666666, 0.7209302325581395], "precision_weighted": [0.8593073593073594, 0.6069849690539345, 0.7887286324786325, 0.8302469135802469, 0.9069767441860465], "roc_auc_weighted": [0.8080808080808082, 0.6314470969643383, 0.7813289141414141, 0.7777777777777778, 0.7906976744186046], "roc_auc_macro": [0.8000000000000002, 0.6314981314981315, 0.7851430976430978, 0.787878787878788, 0.775], "f1_samples": [0.7816666666666666, 0.6166666666666667, 0.7649999999999999, 0.8366666666666666, 0.7783333333333333], "recall_samples": [0.775, 0.6250000000000001, 0.8083333333333332, 0.8916666666666666, 0.7666666666666667], "precision_samples": [0.8583333333333332, 0.6749999999999999, 0.7833333333333333, 0.8416666666666666, 0.8666666666666666]}