{"accuracy": [0.4, 0.35, 0.35, 0.4, 0.25], "f1_weighted": [0.6743256743256743, 0.7288587848932678, 0.7647456709956709, 0.8153256704980844, 0.7588660450136687], "recall_weighted": [0.5757575757575758, 0.7586206896551724, 0.78125, 0.8055555555555556, 0.6744186046511628], "precision_weighted": [0.8172635445362718, 0.7089006778661952, 0.7697115384615385, 0.8308641975308642, 0.8731501057082452], "roc_auc_weighted": [0.702020202020202, 0.715738284703802, 0.7544191919191919, 0.7700617283950618, 0.75], "roc_auc_macro": [0.7013888888888888, 0.7142302142302143, 0.7596801346801346, 0.7675565175565175, 0.7270833333333333], "f1_samples": [0.6633333333333333, 0.6266666666666667, 0.7333333333333333, 0.7716666666666666, 0.7283333333333333], "recall_samples": [0.6166666666666667, 0.6166666666666667, 0.7666666666666666, 0.7999999999999999, 0.7333333333333333], "precision_samples": [0.8, 0.6833333333333333, 0.7666666666666666, 0.8333333333333333, 0.8]}