{"accuracy": [0.6, 0.4, 0.5, 0.45, 0.45], "f1_weighted": [0.8536343830461477, 0.7330332056194125, 0.7890990802675586, 0.8040577342047929, 0.8318064364575992], "recall_weighted": [0.8484848484848485, 0.8620689655172413, 0.84375, 0.8611111111111112, 0.813953488372093], "precision_weighted": [0.8779220779220778, 0.6387178434592229, 0.765625, 0.7926739926739926, 0.8573871409028727], "roc_auc_weighted": [0.8434343434343435, 0.6831712348953729, 0.7407670454545454, 0.6851851851851852, 0.7267441860465116], "roc_auc_macro": [0.8444444444444446, 0.6856106856106856, 0.7481060606060606, 0.702020202020202, 0.7243055555555555], "f1_samples": [0.8016666666666665, 0.6583333333333334, 0.76, 0.8, 0.825], "recall_samples": [0.8083333333333332, 0.675, 0.8166666666666667, 0.85, 0.8416666666666666], "precision_samples": [0.8416666666666666, 0.6833333333333332, 0.7833333333333332, 0.8083333333333332, 0.8833333333333332]}