{"accuracy": [0.55, 0.4, 0.5, 0.5, 0.55], "f1_weighted": [0.8114478114478114, 0.743431855500821, 0.8072614734299518, 0.8248910675381264, 0.8715997181113462], "recall_weighted": [0.7878787878787878, 0.8620689655172413, 0.875, 0.9166666666666666, 0.8604651162790697], "precision_weighted": [0.8409090909090909, 0.6588976439382118, 0.7745535714285714, 0.7572649572649572, 0.8918236346416921], "roc_auc_weighted": [0.7676767676767677, 0.69245505452402, 0.7563920454545454, 0.6790123456790124, 0.7848837209302325], "roc_auc_macro": [0.775, 0.6984311984311985, 0.7619949494949495, 0.6952861952861954, 0.7826388888888888], "f1_samples": [0.7683333333333333, 0.6516666666666667, 0.775, 0.8099999999999999, 0.8416666666666668], "recall_samples": [0.775, 0.675, 0.8333333333333333, 0.8833333333333332, 0.875], "precision_samples": [0.8166666666666667, 0.6749999999999999, 0.7833333333333332, 0.8083333333333333, 0.8583333333333334]}