{"accuracy": [0.16, 0.28, 0.16326530612244897], "f1_weighted": [0.1684981684981685, 0.30133333333333334, 0.19666666666666666], "recall_weighted": [0.15384615384615385, 0.28, 0.16], "precision_weighted": [0.19230769230769232, 0.34, 0.32], "f1_samples": [0.16, 0.28, 0.16326530612244897], "recall_samples": [0.16, 0.28, 0.16326530612244897], "precision_samples": [0.16, 0.28, 0.16326530612244897]}