{"accuracy": [0.4, 0.35, 0.2, 0.5, 0.35], "f1_weighted": [0.7493187452619502, 0.7250749625187406, 0.7359374999999999, 0.8051125287967392, 0.7733197035522615], "recall_weighted": [0.7272727272727273, 0.7586206896551724, 0.78125, 0.8333333333333334, 0.6976744186046512], "precision_weighted": [0.7784992784992785, 0.6973180076628352, 0.7243055555555555, 0.8039108187134504, 0.875264270613108], "roc_auc_weighted": [0.7121212121212122, 0.715738284703802, 0.7010732323232324, 0.7037037037037036, 0.7441860465116279], "roc_auc_macro": [0.7166666666666668, 0.7142302142302143, 0.7062289562289562, 0.7146464646464646, 0.7305555555555555], "f1_samples": [0.6783333333333333, 0.6266666666666667, 0.6966666666666668, 0.795, 0.7183333333333333], "recall_samples": [0.7166666666666666, 0.625, 0.7666666666666666, 0.825, 0.7416666666666667], "precision_samples": [0.7166666666666666, 0.6916666666666667, 0.7083333333333333, 0.8333333333333333, 0.7916666666666666]}