{"accuracy": 0.24, "f1_weighted": 0.14673831915211225, "recall_weighted": 0.20689655172413793, "precision_weighted": 0.1206896551724138, "f1_samples": 0.24, "recall_samples": 0.24, "precision_samples": 0.24}