{"accuracy": 0.09023128423615338, "f1_weighted": 0.10307528273594378, "recall_weighted": 0.08858679414400956, "precision_weighted": 0.20705109052883178, "f1_samples": 0.09023128423615338, "recall_samples": 0.09023128423615338, "precision_samples": 0.09023128423615338}