{"accuracy": 0.4688054930744643, "f1_weighted": 0.5379208821123906, "recall_weighted": 0.463863183788216, "precision_weighted": 0.771348248799344, "f1_samples": 0.4688054930744643, "recall_samples": 0.4688054930744643, "precision_samples": 0.4688054930744643}