{"accuracy": 0.03952674427451876, "f1_weighted": 0.044069383184668874, "recall_weighted": 0.03879905896411367, "precision_weighted": 0.06512565816498002, "f1_samples": 0.03952674427451876, "recall_samples": 0.03952674427451876, "precision_samples": 0.03952674427451876}