{"accuracy": 0.9587402830376719, "f1_weighted": 0.9774084976925626, "recall_weighted": 0.9587402830376719, "precision_weighted": 0.9973836637590491, "f1_samples": 0.9587402830376719, "recall_samples": 0.9587402830376719, "precision_samples": 0.9587402830376719}