{"accuracy": 0.961132150687662, "f1_weighted": 0.979727778395008, "recall_weighted": 0.961132150687662, "precision_weighted": 0.999593482114085, "f1_samples": 0.961132150687662, "recall_samples": 0.961132150687662, "precision_samples": 0.961132150687662}