{"accuracy": 0.14, "f1_weighted": 0.10555555555555556, "recall_weighted": 0.11666666666666667, "precision_weighted": 0.1, "f1_samples": 0.14, "recall_samples": 0.14, "precision_samples": 0.14}