{"accuracy": 0.7773038077912302, "f1_weighted": 0.8518286565404202, "recall_weighted": 0.7794972169551655, "precision_weighted": 0.986054192916998, "f1_samples": 0.7779311210087196, "recall_samples": 0.7777742927043473, "precision_samples": 0.7782447776174644}