{"accuracy": 0.5804529201430274, "f1_weighted": 0.6543860840660993, "recall_weighted": 0.5815237394184762, "precision_weighted": 0.912519799888221, "f1_samples": 0.5804947410241933, "recall_samples": 0.5805156514647763, "precision_samples": 0.5804842858039019}