{"accuracy": 0.038138172411169444, "f1_weighted": 0.04178862072383388, "recall_weighted": 0.03743605063669293, "precision_weighted": 0.06499495873632324, "f1_samples": 0.038138172411169444, "recall_samples": 0.038138172411169444, "precision_samples": 0.038138172411169444}