{"accuracy": 0.5162902628656053, "f1_weighted": 0.5966761066940106, "recall_weighted": 0.5156221112959881, "precision_weighted": 0.798853762248105, "f1_samples": 0.5162902628656053, "recall_samples": 0.5162902628656053, "precision_samples": 0.5162902628656053}