{"accuracy": 0.8437571330746405, "f1_weighted": 0.899070786165631, "recall_weighted": 0.8444232762726585, "precision_weighted": 0.9950410444624996, "f1_samples": 0.8438522407365138, "recall_samples": 0.8438284638210454, "precision_samples": 0.8438997945674503}