{"accuracy": 0.9348389485375787, "f1_weighted": 0.9649710564055041, "recall_weighted": 0.933456561922366, "precision_weighted": 0.9998028342575478, "f1_samples": 0.9348389485375787, "recall_samples": 0.9348389485375787, "precision_samples": 0.9348389485375787}