{"accuracy": 0.8761606022584693, "f1_weighted": 0.9294442850295404, "recall_weighted": 0.877005020203257, "precision_weighted": 0.9999368031061274, "f1_samples": 0.8769552488498535, "recall_samples": 0.8767565872020076, "precision_samples": 0.8773525721455459}