{"accuracy": 0.6292687453600594, "f1_weighted": 0.7072915891856558, "recall_weighted": 0.6305825464166781, "precision_weighted": 0.90251024308319, "f1_samples": 0.630011135857461, "recall_samples": 0.6298487379361544, "precision_samples": 0.6303591314031181}