{"accuracy": 0.3472415771784573, "f1_weighted": 0.40807151510879464, "recall_weighted": 0.3495483628152051, "precision_weighted": 0.6001442729895873, "f1_samples": 0.3478536492062191, "recall_samples": 0.34770063119927863, "precision_samples": 0.3481596852201}