{"accuracy": 0.6010059209269752, "f1_weighted": 0.6793874031258955, "recall_weighted": 0.605702034673978, "precision_weighted": 0.8816899873918979, "f1_samples": 0.6015293959522647, "recall_samples": 0.6014091381761847, "precision_samples": 0.6017805224846672}