{"accuracy": 0.8909042613744166, "f1_weighted": 0.936380160895547, "recall_weighted": 0.8916413261143662, "precision_weighted": 0.9999619972802378, "f1_samples": 0.8911319394376351, "recall_samples": 0.8910750199218306, "precision_samples": 0.8912457784692445}