{"accuracy": 0.7358714798073046, "f1_weighted": 0.8049389651582916, "recall_weighted": 0.7380829603349766, "precision_weighted": 0.9603545605547484, "f1_samples": 0.7361968832014035, "recall_samples": 0.7361261433331211, "precision_samples": 0.7363489739182105}