{"accuracy": 0.35526376838491164, "f1_weighted": 0.40918153766227905, "recall_weighted": 0.36019691858875014, "precision_weighted": 0.6202023885495487, "f1_samples": 0.3553565628914768, "recall_samples": 0.3553333642648355, "precision_samples": 0.3554029601447594}