{"accuracy": 0.011413566970588623, "f1_weighted": 0.012442470263691803, "recall_weighted": 0.010762588495850493, "precision_weighted": 0.014883906916159071, "f1_samples": 0.011413566970588623, "recall_samples": 0.011413566970588623, "precision_samples": 0.011413566970588623}