{"accuracy": 0.01720611714410123, "f1_weighted": 0.01857336398959314, "recall_weighted": 0.016224757686230107, "precision_weighted": 0.022115620627521686, "f1_samples": 0.01720611714410123, "recall_samples": 0.01720611714410123, "precision_samples": 0.01720611714410123}