{"accuracy": 0.7056322757361333, "f1_weighted": 0.7812755358517605, "recall_weighted": 0.7074147735230679, "precision_weighted": 0.952771786324547, "f1_samples": 0.7061648786426235, "recall_samples": 0.7060317279160009, "precision_samples": 0.7064311800958685}