{"accuracy": 0.012944172483407445, "f1_weighted": 0.014354241286505262, "recall_weighted": 0.012195728387080733, "precision_weighted": 0.017787244133127007, "f1_samples": 0.012944172483407445, "recall_samples": 0.012944172483407445, "precision_samples": 0.012944172483407445}