{"accuracy": 0.24935700395207328, "f1_weighted": 0.30575763723833904, "recall_weighted": 0.25805859685607685, "precision_weighted": 0.493852835035782, "f1_samples": 0.24939882483323922, "recall_samples": 0.24938836961294775, "precision_samples": 0.24941973527382222}