{"accuracy": 0.041085728415726705, "f1_weighted": 0.044369774388479784, "recall_weighted": 0.040355728271429636, "precision_weighted": 0.05591884014647635, "f1_samples": 0.041085728415726705, "recall_samples": 0.041085728415726705, "precision_samples": 0.041085728415726705}