{"accuracy": 0.0077716788937562675, "f1_weighted": 0.009935861461265435, "recall_weighted": 0.007342674778099132, "precision_weighted": 0.015370998304577641, "f1_samples": 0.0077716788937562675, "recall_samples": 0.0077716788937562675, "precision_samples": 0.0077716788937562675}