{"accuracy": 0.011096743547791207, "f1_weighted": 0.01240960401162462, "recall_weighted": 0.010484192679764635, "precision_weighted": 0.015370998304577641, "f1_samples": 0.011096743547791207, "recall_samples": 0.011096743547791207, "precision_samples": 0.011096743547791207}