{"accuracy": 0.49130256578408066, "f1_weighted": 0.5648286313298285, "recall_weighted": 0.49417198152628106, "precision_weighted": 0.7778441044330642, "f1_samples": 0.49177754616888975, "recall_samples": 0.4916632510861546, "precision_samples": 0.4920075416017706}