{"accuracy": 0.6427133893690068, "f1_weighted": 0.7236769037583362, "recall_weighted": 0.6367781155015197, "precision_weighted": 1.0, "f1_samples": 0.644134012075293, "recall_samples": 0.6437788563987215, "precision_samples": 0.6448443234284361}