{"accuracy": 0.4215181932245922, "f1_weighted": 0.48674039454949203, "recall_weighted": 0.42634994490020817, "precision_weighted": 0.6741153422309294, "f1_samples": 0.4215600167294019, "recall_samples": 0.4215495608531995, "precision_samples": 0.4215809284818068}