{"accuracy": 0.024894221549775247, "f1_weighted": 0.02651538506360542, "recall_weighted": 0.02357573643024473, "precision_weighted": 0.03818208977847084, "f1_samples": 0.024905950276064893, "recall_samples": 0.024903018094492482, "precision_samples": 0.024911814639209717}