{"accuracy": 0.49693286541698767, "f1_weighted": 0.5746684928516315, "recall_weighted": 0.49994396189408796, "precision_weighted": 0.7993514377655593, "f1_samples": 0.4971611172929328, "recall_samples": 0.49711832006619305, "precision_samples": 0.4972609774886587}