{"accuracy": 0.02390900854144492, "f1_weighted": 0.02550121131409475, "recall_weighted": 0.022586554162142447, "precision_weighted": 0.040014618007535634, "f1_samples": 0.02392660163087939, "recall_samples": 0.02392220335852077, "precision_samples": 0.023935398175596624}