{"accuracy": 0.7400962606442059, "f1_weighted": 0.8169772160294202, "recall_weighted": 0.7390018484288355, "precision_weighted": 1.0, "f1_samples": 0.7400962606442059, "recall_samples": 0.7400962606442059, "precision_samples": 0.7400962606442059}