{"accuracy": 0.874449032617269, "f1_weighted": 0.9250451895984274, "recall_weighted": 0.8749658127450086, "precision_weighted": 1.0, "f1_samples": 0.8747274161369647, "recall_samples": 0.8746578202570408, "precision_samples": 0.8748666078968125}