{"accuracy": 0.10538862053823474, "f1_weighted": 0.12860518169664567, "recall_weighted": 0.11397374555269292, "precision_weighted": 0.21212121212121213, "f1_samples": 0.10538862053823474, "recall_samples": 0.10538862053823474, "precision_samples": 0.10538862053823474}