{"accuracy": 0.18748843235239682, "f1_weighted": 0.19681729487895047, "recall_weighted": 0.18717664449371765, "precision_weighted": 0.20787139689578715, "f1_samples": 0.18748843235239682, "recall_samples": 0.18748843235239682, "precision_samples": 0.18748843235239682}