{"accuracy": 0.11595526135585482, "f1_weighted": 0.13253887753962007, "recall_weighted": 0.11363805831034225, "precision_weighted": 0.23547833867720527, "f1_samples": 0.11595526135585482, "recall_samples": 0.11595526135585482, "precision_samples": 0.11595526135585482}