{"accuracy": 0.8592399668521369, "f1_weighted": 0.9175902245956513, "recall_weighted": 0.8591483387927, "precision_weighted": 1.0, "f1_samples": 0.8615287478789313, "recall_samples": 0.8609565526222327, "precision_samples": 0.8626731383923286}