{"accuracy": 0.7314454932444938, "f1_weighted": 0.812265857638169, "recall_weighted": 0.7302291204730229, "precision_weighted": 1.0, "f1_samples": 0.7314454932444938, "recall_samples": 0.7314454932444938, "precision_samples": 0.7314454932444938}