{"train_loss": 0.39573564750938656, "val_loss": 0.637249109558848, "train_loss_curve": [0.6951252339630589, 0.6456980846733668, 0.613903671148691, 0.590680071817853, 0.5716426022599199, 0.5546529967486372, 0.5387488342465485, 0.5235949036790986, 0.5091401493460406, 0.495426766805422, 0.4825062708966964, 0.47041267835474093, 0.45914905408680035, 0.44870440358603075, 0.43905545594976286, 0.4301636225973206, 0.4220074002393672, 0.4145331112175006, 0.40768744693154857, 0.4014298288687094], "val_loss_curve": [0.6959894359250725, 0.6952557356763275, 0.6943466648077353, 0.6929264932801396, 0.6908592012100843, 0.6881107408683617, 0.6847575581990756, 0.6809487861075324, 0.6768653055171033, 0.6726680060366651, 0.6684951124352453, 0.6644209331565804, 0.6605317735727573, 0.6568527885111339, 0.6533945430686702, 0.6501605780947181, 0.6471667798249038, 0.6443887972609424, 0.6418185602257024, 0.6394448308122186], "fit_time": 9276.610022451729, "hp_idx": 16, "split_idx": 0, "seed": 1234, "lr": 0.005, "max_epochs": 5000, "batch_size": 10, "optimizer__weight_decay": 0.0001, "module__n_factors": 50, "module__scl_embeds": true}