{"train_loss": 0.2930561885373191, "val_loss": 0.7439063170573095, "train_loss_curve": [1.411080794443226, 0.9942912588720695, 0.7325779461308595, 0.5695977873412302, 0.4677109181556106, 0.4033541624258624, 0.36196526272865576, 0.3348243771627716, 0.31674478755120383, 0.304603968410607, 0.2964813285957832, 0.29117748934335225, 0.2878819925675382, 0.2860657873305721, 0.2853571071853398, 0.28548393025864016, 0.286253794471849, 0.28750452592640624, 0.28911234601362795, 0.290991549554923], "val_loss_curve": [1.44604832052073, 1.3181094352181975, 1.2221492119741328, 1.1476173346692866, 1.0875145346968325, 1.0376862670991804, 0.995535368755425, 0.9593587909545098, 0.9279273612932726, 0.9003946956915733, 0.8762383290798792, 0.8549879731692912, 0.8362152545880048, 0.8196047709816263, 0.8047643746390487, 0.7915600991193509, 0.7798151819161324, 0.7693113380378777, 0.7599122698629375, 0.7514651589321367], "fit_time": 3259.328132286668, "hp_idx": 25, "split_idx": 0, "seed": 1234, "lr": 0.005, "max_epochs": 5000, "batch_size": 25, "optimizer__weight_decay": 0.0001, "module__n_factors": 10, "module__scl_embeds": false}