{"train_loss": 0.0504701171066429, "val_loss": 0.5411029234186623, "train_loss_curve": [0.699128891375749, 0.5556344390749244, 0.4546675751193209, 0.36241841188290463, 0.28132151128226884, 0.21710700478159187, 0.17015860900302401, 0.13725320501394686, 0.11443294543909076, 0.09846033454156303, 0.08713955221371017, 0.07898393272669618, 0.0729857745871383, 0.0684986164321767, 0.06507202085712704, 0.06241782763078848, 0.06030451902697258, 0.0586036356377055, 0.057215723334638195, 0.056071504033205655, 0.055120828475013005, 0.05431941538120269, 0.05362897310998733, 0.05303688296173071, 0.05252356612284605, 0.05207767325086566, 0.051685792647209655, 0.05133590470262759, 0.05101956243747769, 0.05073277885851524], "val_loss_curve": [0.7039039289201057, 0.6113753063487006, 0.5834029683699975, 0.5710047394610368, 0.5642379372595594, 0.5602232587419554, 0.5580737450309879, 0.5568651356180752, 0.5562704591165212, 0.5558009042642307, 0.5551928195131982, 0.5544034643652296, 0.5536266378569905, 0.55284735069519, 0.5521043596391964, 0.5514209507769169, 0.5507295421630769, 0.5498838302080188, 0.5490894767527397, 0.5483612502547359, 0.5477428189413687, 0.5470971738499544, 0.5463771190074227, 0.5456102666855379, 0.5448467365443264, 0.5441284265834838, 0.5434404600939186, 0.5428428858082247, 0.5422314217711401, 0.5416405630376112], "fit_time": 17639.04420127347, "hp_idx": 6, "split_idx": 1, "seed": 1234, "lr": 0.005, "max_epochs": 7500, "batch_size": 5, "optimizer__weight_decay": 1e-05, "module__scl_embeds": true, "neg_multiple": 1, "user_embeds": "esm_rank_20", "item_embeds": null}