{"train_loss": 0.3470161171990397, "val_loss": 0.6175611249027232, "train_loss_curve": [0.6994231990723065, 0.6165151881240742, 0.5752032704147704, 0.5436441106048775, 0.5151562584794207, 0.4891914541036377, 0.4661189922780702, 0.446077592427775, 0.4288429968614817, 0.41423345741865797, 0.40190539567238526, 0.39152670250489163, 0.38283853449952077, 0.3754948985639152, 0.36928029424382813, 0.3639878168927901, 0.35950443940562804, 0.3556586094287448, 0.35234940553079674, 0.34949798789092434], "val_loss_curve": [0.7022102584814408, 0.6982037666433757, 0.6937836787172007, 0.6872363079189003, 0.679258302885993, 0.6710375999759532, 0.6633336282979917, 0.6564361169590319, 0.6503837383705076, 0.6451709293094818, 0.6406584193334626, 0.6367988901611918, 0.6334687337282794, 0.6305469065369579, 0.6279878599031123, 0.6257121459215942, 0.6237108389775107, 0.6219206608781506, 0.6203011422341841, 0.6188564356785605], "fit_time": 13395.134746052325, "hp_idx": 2, "split_idx": 1, "seed": 1234, "lr": 0.005, "max_epochs": 5000, "batch_size": 5, "optimizer__weight_decay": 0.0001, "module__n_factors": 20, "module__scl_embeds": true}