{"train_loss": 0.1917479634833209, "val_loss": 0.47044618248870046, "train_loss_curve": [0.6940237186478923, 0.5724357945064787, 0.5095151676744132, 0.45549661931805024, 0.4054522627024744, 0.3610662986301445, 0.3241171975122472, 0.29486064272362084, 0.2723926769665322, 0.2553377276107085, 0.24241383734595995, 0.2325595580850192, 0.22495803167264836, 0.2190219254695551, 0.21431641879205313, 0.2105311849733301, 0.20744459826076375, 0.20489065440402301, 0.20276442556622318, 0.2009775827385178, 0.1994629603095866, 0.19816684067568469, 0.19705384636698686, 0.19608303994422366, 0.19523051245029216, 0.19448347684496975, 0.19381689336777827, 0.1932205425866592, 0.19268335966912004, 0.1921945037511596], "val_loss_curve": [0.6913014410675823, 0.6004154238250706, 0.5787951841707274, 0.5658824679578518, 0.554830251439607, 0.5446510310946923, 0.5352913234686796, 0.5269773930814855, 0.5197881861374929, 0.5136983908956007, 0.508497573678449, 0.5040988740456965, 0.5002786294320525, 0.4969406540403555, 0.4940161538898667, 0.4913916332269465, 0.4890495334471856, 0.48696125660847117, 0.48506474413307676, 0.4833081944613329, 0.481721522473233, 0.4802494455207061, 0.47887181528867817, 0.477569959302257, 0.4763457277021208, 0.4752028599937201, 0.4741416623195012, 0.47314454688058866, 0.47219658997300623, 0.47129783980843626], "fit_time": 65107.34293021262, "hp_idx": 2, "split_idx": 2, "seed": 1234, "n_splits": 5, "lr": 0.005, "max_epochs": 7500, "batch_size": 5, "optimizer__weight_decay": 5e-05, "module__scl_embeds": true, "neg_multiple": 1, "user_embeds": "esm_rank_100", "item_embeds": null}