{"train_loss": 0.15967985232184817, "val_loss": 0.7367772356172518, "train_loss_curve": [1.403333652200121, 0.6587210759207919, 0.38637879684497983, 0.2785506725033402, 0.22823147207394345, 0.20058942140711772, 0.18366604194149272, 0.17275507597031292, 0.16557943147101326, 0.1608898578545986, 0.1579371284094307, 0.1562010676519715, 0.15531654516126447, 0.1550397435094649, 0.15519028573811472, 0.15564457327995823, 0.15630467877764523, 0.1570802910344584, 0.15792272734023752, 0.15879683824373292], "val_loss_curve": [1.3715532440687843, 1.2133178651179988, 1.1301079174804642, 1.073647036936545, 1.029082832330311, 0.9912556236400057, 0.9581712083706463, 0.9289214298507777, 0.9027967250522241, 0.8793194202254997, 0.858231032525612, 0.8393480778018421, 0.8224130578323465, 0.8072448266945009, 0.7937119652769676, 0.7816272143662796, 0.7707690700530784, 0.7609820463880289, 0.752099640040332, 0.7440334945104149], "fit_time": 6882.618947599083, "hp_idx": 19, "split_idx": 1, "seed": 1234, "lr": 0.005, "max_epochs": 5000, "batch_size": 10, "optimizer__weight_decay": 5e-05, "module__n_factors": 10, "module__scl_embeds": false}