{"train_loss": 0.1907381333902524, "val_loss": 0.4772081532296323, "train_loss_curve": [0.6946547505599528, 0.6028027620183367, 0.5297573548443772, 0.45830242082087963, 0.39561962510760246, 0.3454204465421499, 0.307385859254036, 0.27937859773709683, 0.25896755687357226, 0.24405108436206052, 0.23302797362388578, 0.22473896093450516, 0.21839628160720695, 0.2134672931563606, 0.20958259160657952, 0.20646494811933538, 0.20391400344588398, 0.20180492900050315, 0.20005337532778514, 0.1985726284720009, 0.19730632597751266, 0.19622333035900003, 0.19528330396195898, 0.19446021936585253, 0.1937428263057977, 0.1931078742223918, 0.19253604578644876, 0.19202124506656343, 0.1915560071753523, 0.1911281774204013], "val_loss_curve": [0.6929270292703922, 0.6899965007405181, 0.6734190113616713, 0.6452723870570565, 0.6161083967049361, 0.5909391115821185, 0.5707067397004102, 0.5548406420731461, 0.5424428838359449, 0.5326908500669719, 0.524924818799768, 0.5185687203472589, 0.5132471420183465, 0.5087894518840146, 0.50498867554195, 0.5016860568717921, 0.49875824300611354, 0.49614726089479483, 0.4938009476293495, 0.4916900520219461, 0.48976385629451497, 0.4879964036532702, 0.486401134268283, 0.4849453917802214, 0.483602027988413, 0.4823536604061063, 0.4812039036416646, 0.4801119321518706, 0.4790856327019232, 0.47811220053991516], "fit_time": 57133.578276280314, "hp_idx": 2, "split_idx": 2, "seed": 1234, "n_splits": 5, "lr": 0.005, "max_epochs": 7500, "batch_size": 5, "optimizer__weight_decay": 5e-05, "module__scl_embeds": true, "module__n_factors": 100, "neg_multiple": 1, "user_embeds": null, "item_embeds": null}