{"train_loss": 0.3864385294316497, "val_loss": 0.6723550801927393, "train_loss_curve": [0.6951383628553932, 0.6714701033619684, 0.6504396803904647, 0.6313309322067229, 0.6136172562108003, 0.5969033739969263, 0.5808976070447718, 0.5653853685924934, 0.5502122419715401, 0.5352798098310443, 0.5205345362777489, 0.5059574204055155, 0.49154956586438336, 0.4773352758254961, 0.4633524251915471, 0.44964343400385015, 0.4362406975414459, 0.4231811245314049, 0.41049996656286436, 0.3982285542852654], "val_loss_curve": [0.6940840033245531, 0.6940767863691548, 0.694049322799647, 0.6939661321523306, 0.6937987506389618, 0.6935182391624628, 0.6931022407013775, 0.6925332388538858, 0.6917965596928185, 0.6908880244323979, 0.6898038778410647, 0.6885500194587352, 0.687135581578408, 0.6855814140159767, 0.6839034881764081, 0.6821181330925379, 0.6802526397027058, 0.6783267360328239, 0.6763569024892954, 0.6743578018842044], "fit_time": 2489.180992566049, "hp_idx": 34, "split_idx": 0, "seed": 1234, "lr": 0.005, "max_epochs": 5000, "batch_size": 25, "optimizer__weight_decay": 5e-05, "module__n_factors": 50, "module__scl_embeds": true}