{"train_loss": 0.694304524921098, "val_loss": 0.6953940920201771, "train_loss_curve": [0.694304524921098], "val_loss_curve": [0.6953940920201771], "fit_time": 2.3561074091121554, "hp_idx": 0, "split_idx": 0, "seed": 1234, "lr": 0.005, "max_epochs": 1, "batch_size": 5, "optimizer__weight_decay": 5e-05, "module__scl_embeds": true, "neg_multiple": 1, "user_embeds": "esm_rank_50", "item_embeds": null}