{"train_loss": 0.16696906838141334, "val_loss": 0.6154445064425608, "train_loss_curve": [0.7017868407944416, 0.603508064066038, 0.5300422773810916, 0.4612384097896886, 0.39822828579293623, 0.34505338276160796, 0.302736251868827, 0.27020151802684134, 0.24545916527732042, 0.22682158968166666, 0.21277268283116035, 0.20211735360044703, 0.19390251225446398, 0.1875023516075237, 0.1824635662152359, 0.1784482084972079, 0.17521412240931497, 0.17256747556020396, 0.1703645244143481, 0.16851842230566733], "val_loss_curve": [0.6994860664808945, 0.6981857402341349, 0.6951294823404237, 0.688500701999053, 0.6794766607957009, 0.6701622664372682, 0.6618188085742208, 0.6546423233402915, 0.6485076772617849, 0.6433345969323512, 0.6389559251202014, 0.635197046979185, 0.6319653380549315, 0.6291505385945727, 0.6266464330516495, 0.6243657223654516, 0.6222679246659879, 0.6203578318401928, 0.6186157413226463, 0.6169863614863726], "fit_time": 13837.442744020373, "hp_idx": 8, "split_idx": 0, "seed": 1234, "lr": 0.005, "max_epochs": 5000, "batch_size": 5, "optimizer__weight_decay": 5e-05, "module__n_factors": 20, "module__scl_embeds": true}