{"train_loss": 0.19225916768212925, "val_loss": 0.46683829553025863, "train_loss_curve": [0.6952183951263992, 0.5717577411193777, 0.5085304619297418, 0.45486142945657854, 0.4054232848254234, 0.36161321020436393, 0.32507517032241673, 0.2960902747159256, 0.2737104707595238, 0.25666136136157736, 0.24368138721452395, 0.23373479983097226, 0.2260389811910703, 0.22001245184217322, 0.21523392905631653, 0.21139113248180547, 0.20826009764092737, 0.20568488768198634, 0.2035349170002518, 0.2017302802824538, 0.2002055670039596, 0.19888885079040466, 0.197742394774579, 0.19673790517039885, 0.19586113194563065, 0.19508547354210018, 0.1943940675372192, 0.19377732159778568, 0.19322185659799826, 0.19271663237272452], "val_loss_curve": [0.6969356729989841, 0.6075937429091314, 0.5846013025421919, 0.5695576802556054, 0.5560553802094815, 0.5436217281923983, 0.5325305241058061, 0.5230371312244789, 0.5151333364382351, 0.5085265068011684, 0.5030343727684105, 0.4984068957641547, 0.4944888563405523, 0.49114834313174505, 0.48825904464735576, 0.4857271080597853, 0.48348652344796206, 0.48149604195759294, 0.47972018180506215, 0.4781093278200754, 0.47661609477027034, 0.4752592319114642, 0.4740156452052104, 0.47287925859882834, 0.4718109895160426, 0.47083558176919854, 0.4699299147912672, 0.46910604356086893, 0.46831480528299624, 0.46755117721560396], "fit_time": 47362.026191372424, "hp_idx": 1, "split_idx": 3, "seed": 1234, "n_splits": 5, "lr": 0.005, "max_epochs": 7500, "batch_size": 5, "optimizer__weight_decay": 5e-05, "module__scl_embeds": true, "neg_multiple": 1, "user_embeds": "esm_rank_50", "item_embeds": null}