{"train_loss": 0.15896054158909223, "val_loss": 0.7465983211021601, "train_loss_curve": [1.4600213405120954, 0.6748461979798543, 0.38898235539139, 0.27811492435976354, 0.22710414151088928, 0.19934160675090018, 0.1825240755218758, 0.17175639906103835, 0.16472905701407187, 0.16014942468623233, 0.15728199540853055, 0.15559232121519787, 0.1547206829852034, 0.15444511261838775, 0.1546021495374885, 0.1550450510069412, 0.1556905022233648, 0.15645013430834817, 0.15726777602496972, 0.15811221638907638], "val_loss_curve": [1.4338900556653251, 1.2643111246727008, 1.1764674958510277, 1.116908136781279, 1.0689577947963367, 1.0277351479291361, 0.9913024286845903, 0.958850837740309, 0.9299579399587947, 0.9042358285897262, 0.8812463792748663, 0.8607084361406473, 0.8421663183432359, 0.8254769058911117, 0.8104557016373792, 0.7970371379024221, 0.7849145262808233, 0.7739164279752122, 0.7639206971599783, 0.7548165913228388], "fit_time": 6886.325254440308, "hp_idx": 19, "split_idx": 0, "seed": 1234, "lr": 0.005, "max_epochs": 5000, "batch_size": 10, "optimizer__weight_decay": 5e-05, "module__n_factors": 10, "module__scl_embeds": false}