{"train_loss": 0.17892085723709183, "val_loss": 0.5110093567646772, "train_loss_curve": [0.6952755623920397, 0.5715621945715242, 0.5049936541427786, 0.44925782173038364, 0.3985420761408506, 0.35372726505921853, 0.31626567262439775, 0.28641263819201945, 0.26325876236131246, 0.24558698614551264, 0.23212756340268192, 0.22180588643060073, 0.21383307121655012, 0.20759001568650137, 0.2026321801317895, 0.19865277642058535, 0.1954129032230565, 0.1927508898014268, 0.19053061241023503, 0.18866205920133142, 0.1870864101626969, 0.18573055536831384, 0.184566006204439, 0.1835533847504823, 0.18266172422148236, 0.1818667405213301, 0.18115210951260335, 0.18050624468279156, 0.1799242022981333, 0.17939700829711827], "val_loss_curve": [0.6922783254117723, 0.6145260032864458, 0.5936843825725043, 0.5817991236720563, 0.572340656808099, 0.5639863918037338, 0.5567059335867272, 0.5505568804561404, 0.5453874027553911, 0.5411255276257361, 0.5375859321529276, 0.5345931117608231, 0.5320815785874975, 0.5298922130849112, 0.5279600682214617, 0.5262544229965437, 0.5246979014159041, 0.5232955280114154, 0.5220174872951309, 0.5208155964040264, 0.5196849146754269, 0.5185969368472888, 0.5175668306156196, 0.5166030307152172, 0.5156961561250036, 0.5148297791278375, 0.5139926494199857, 0.5131916716621864, 0.5124343091210897, 0.5117014932226951], "fit_time": 23551.899656701833, "hp_idx": 1, "split_idx": 2, "seed": 1234, "lr": 0.005, "max_epochs": 7500, "batch_size": 5, "optimizer__weight_decay": 5e-05, "module__scl_embeds": true, "neg_multiple": 1, "user_embeds": "esm_rank_50", "item_embeds": null}