{"train_loss": 0.16938259984319043, "val_loss": 0.6394163909908774, "train_loss_curve": [0.7060795409066829, 0.6070879941624232, 0.5369497526912151, 0.4728079777229191, 0.41344018792614123, 0.3615949848911289, 0.3188169878171607, 0.2848295200573561, 0.258376124119753, 0.23795260629695067, 0.22221915998862435, 0.21001062255225056, 0.2005570778850354, 0.19318962066073217, 0.18736266027237047, 0.18268245041603168, 0.17889995711941795, 0.17580795071638666, 0.17327610176255526, 0.1711580488143767], "val_loss_curve": [0.7097012442656052, 0.7058762940632436, 0.7027635449296111, 0.697869736449424, 0.6917224908139045, 0.6853531075246406, 0.6795035102220126, 0.6742427668388769, 0.6696230762905174, 0.6656187763546174, 0.6620734162837059, 0.6588716398325417, 0.6560216822372728, 0.6534289359386428, 0.6509742756267806, 0.6486342711751902, 0.6465184923200619, 0.6445710588906542, 0.6427457068019953, 0.641020856519818], "fit_time": 13068.05067909509, "hp_idx": 6, "split_idx": 0, "seed": 1234, "lr": 0.005, "max_epochs": 5000, "batch_size": 5, "optimizer__weight_decay": 5e-05, "module__n_factors": 10, "module__scl_embeds": true}