{"train_loss": 0.4119641664839569, "val_loss": 0.6427435693720833, "train_loss_curve": [0.7075331385457988, 0.6546164532224615, 0.6226591273343368, 0.600557491565362, 0.5832032760679027, 0.5680942433280545, 0.5540112688755378, 0.5404540990546589, 0.5272527064059997, 0.5144369743920706, 0.502126339814324, 0.4903393368690442, 0.47915278778070614, 0.4686107090511522, 0.4587228049487223, 0.4494553428916109, 0.44081340893443094, 0.4327493871633823, 0.4252584493938304, 0.41833068930602574], "val_loss_curve": [0.7037103464620657, 0.6994781612821825, 0.6969262099844171, 0.6948494623107048, 0.6927494867944751, 0.6903653334809728, 0.6876093435187417, 0.6844816320174278, 0.6810467285580722, 0.6774045128760068, 0.6736419452295683, 0.6698913772808252, 0.6662162512881296, 0.6626709644042353, 0.6592907885844737, 0.6560834775745911, 0.6530523007359086, 0.6502178076209097, 0.6475503109195734, 0.6450529085864385], "fit_time": 6350.942497406155, "hp_idx": 12, "split_idx": 1, "seed": 1234, "lr": 0.005, "max_epochs": 5000, "batch_size": 10, "optimizer__weight_decay": 0.0001, "module__n_factors": 10, "module__scl_embeds": true}