{"train_loss": 0.193183027759887, "val_loss": 0.4873089812270481, "train_loss_curve": [0.699475298915072, 0.6075399485770214, 0.538834557484368, 0.4713891743354333, 0.41058301306098294, 0.36050544670642803, 0.3213461561476708, 0.29177465178826956, 0.26971825798852667, 0.253333367856224, 0.2410811304934263, 0.23180705686219924, 0.2246598932372617, 0.21906513197321195, 0.21463496256340145, 0.21107668761377274, 0.20816372797646537, 0.20577224965692956, 0.2037910292730871, 0.20211254784916888, 0.20067296024619813, 0.19943456899395892, 0.1983668482913301, 0.19743697947447839, 0.19661066625888782, 0.1958839306164097, 0.19524335762469305, 0.19466213951286016, 0.19412355873102474, 0.19362742800776334], "val_loss_curve": [0.7028203369367928, 0.6963762384264064, 0.6802891600521016, 0.6530059452900242, 0.6241338616171916, 0.5994424657909186, 0.5794601373218157, 0.5637830571382196, 0.5514403371474682, 0.541774082850743, 0.5340682318030329, 0.5276939638028473, 0.5223673400935871, 0.5178829165900642, 0.5140814841019384, 0.5108297696219875, 0.5079579017014353, 0.5053954294520172, 0.5030923000686652, 0.5010620419561238, 0.49923358062642575, 0.49755716212701684, 0.49601886411890006, 0.4946195720315049, 0.4933417680475748, 0.49218420743386504, 0.4911047622109904, 0.49008486818930347, 0.48908953419029016, 0.4881706566686605], "fit_time": 22345.619255380705, "hp_idx": 0, "split_idx": 2, "seed": 1234, "n_splits": 5, "lr": 0.005, "max_epochs": 7500, "batch_size": 5, "optimizer__weight_decay": 5e-05, "module__scl_embeds": true, "module__n_factors": 20, "neg_multiple": 1, "user_embeds": null, "item_embeds": null}