{"train_loss": 0.6968622639740542, "val_loss": 0.6934516265359506, "train_loss_curve": [0.6968622639740542], "val_loss_curve": [0.6934516265359506], "fit_time": 2.2669718638062477, "hp_idx": 0, "split_idx": 1, "seed": 1234, "lr": 0.005, "max_epochs": 1, "batch_size": 5, "optimizer__weight_decay": 5e-05, "module__scl_embeds": true, "neg_multiple": 1, "user_embeds": "esm_rank_50", "item_embeds": null}