{"train_loss": 0.3204566263553562, "val_loss": 0.6695570929067118, "train_loss_curve": [1.9583085369093765, 0.5349218527558217, 0.2396031799475389, 0.18158846046783397, 0.1702256752049959, 0.1729708217721937, 0.18160960610324503, 0.19306244719387017, 0.20580952913159672, 0.21901351753009954, 0.2321284617173363, 0.24481796300419562, 0.2568227161190176, 0.268015069338541, 0.27827287451610555, 0.28756664458494635, 0.29590859446013607, 0.3033230527696923, 0.309849904012391, 0.31555069230130345], "val_loss_curve": [1.9460086238273095, 1.5821426289898533, 1.3558711726348718, 1.189070543209156, 1.0623182423742779, 0.9669072300126225, 0.8952496060819337, 0.8418693568878797, 0.802051963228168, 0.7723463900161512, 0.7499200457181686, 0.7327869410837169, 0.7194241129712903, 0.7088221892332419, 0.7002203920921246, 0.6930493294220148, 0.6869920767270602, 0.6817898958018331, 0.6772439727138528, 0.673211020606381], "fit_time": 7488.879336260259, "hp_idx": 15, "split_idx": 0, "seed": 1234, "lr": 0.005, "max_epochs": 5000, "batch_size": 10, "optimizer__weight_decay": 0.0001, "module__n_factors": 20, "module__scl_embeds": false}