{"train_loss": 0.18206026979294934, "val_loss": 0.537054217023241, "train_loss_curve": [0.7056304855266637, 0.5790141944723501, 0.5104902092524395, 0.45483118836973324, 0.40570143724232, 0.3628960950734899, 0.3268269948188419, 0.2973743093195631, 0.27392881856340484, 0.25543133516993466, 0.241086683858627, 0.22987500859499707, 0.2210659284498344, 0.21408101403996188, 0.20849540776505215, 0.20400792541391763, 0.20036520858505824, 0.19735755091870158, 0.19485285776304312, 0.19274365947674488, 0.19095042145521643, 0.18941544603102378, 0.18810972128038037, 0.18699263032863847, 0.18602152583164067, 0.18516334174010363, 0.1843949893984861, 0.18370827668041778, 0.1830927190191889, 0.18254735249284057], "val_loss_curve": [0.707246757991664, 0.6235595695622318, 0.5974149559917566, 0.5835569269850954, 0.5742668122496013, 0.567628021762296, 0.5625667307083007, 0.5585946762426333, 0.5555708695958544, 0.5530793930996548, 0.5511038689060019, 0.5495115697344805, 0.5482692847067451, 0.5472493488797462, 0.5462888409285904, 0.545450408441516, 0.5447156781760546, 0.5440790799179381, 0.5434369284438191, 0.5427966759885317, 0.5421746114164695, 0.5416000065283029, 0.5410662286009613, 0.5405523199392678, 0.540052105301431, 0.5395544347698455, 0.5390472248899978, 0.5385238195841129, 0.5380240590344151, 0.5375403032631619], "fit_time": 16878.240781456232, "hp_idx": 0, "split_idx": 1, "seed": 1234, "lr": 0.005, "max_epochs": 7500, "batch_size": 5, "optimizer__weight_decay": 5e-05, "module__scl_embeds": true, "neg_multiple": 1, "user_embeds": "esm_rank_10", "item_embeds": null}