{"train_loss": 0.17905211294160103, "val_loss": 0.5174790290737903, "train_loss_curve": [0.6965721453386788, 0.5726362436457434, 0.5054737653014626, 0.4493111880415698, 0.3984906430789215, 0.35379836582459023, 0.31648625497541594, 0.28669630268546, 0.2635864460957094, 0.24588955902598875, 0.23235512279400064, 0.2219753866833831, 0.21395191073243092, 0.20767620005707554, 0.2026862064873157, 0.19868210190882693, 0.19544188250432712, 0.1927859570474751, 0.1905690722465828, 0.18871227373952193, 0.18713857794630295, 0.1857874761868876, 0.1846207007824395, 0.18360539179404084, 0.18270991436588657, 0.18191928254099424, 0.1812216924162444, 0.18059485118160676, 0.18002653277043823, 0.17951488738166615], "val_loss_curve": [0.6982373769258285, 0.6134747677853891, 0.5915249655140447, 0.5801043488684442, 0.5717256178076451, 0.5647167313609507, 0.5586854309442785, 0.5535331349689644, 0.5491292355712373, 0.5454464611773203, 0.5423014600324881, 0.5395760187761975, 0.5372498123873989, 0.5351907576636209, 0.5333502048274854, 0.531683648513122, 0.5301564325142157, 0.5287664014507424, 0.5274855860124726, 0.5263048834655877, 0.5252058532974728, 0.5242063556048837, 0.5232900741894345, 0.5224207441315992, 0.5215959076645907, 0.5208149726235575, 0.5200896962982166, 0.5193971869750664, 0.5187331162445195, 0.5180898584112837], "fit_time": 22529.40486292541, "hp_idx": 1, "split_idx": 1, "seed": 1234, "lr": 0.005, "max_epochs": 7500, "batch_size": 5, "optimizer__weight_decay": 5e-05, "module__scl_embeds": true, "neg_multiple": 1, "user_embeds": "esm_rank_50", "item_embeds": null}