{"train_loss": 0.1912018403836473, "val_loss": 0.49103291716105313, "train_loss_curve": [0.6942084270238911, 0.5694360224247569, 0.5055355555504782, 0.4513495461424968, 0.4016989112425768, 0.3580250438537791, 0.3217656632854668, 0.2930977136639244, 0.27103374890074444, 0.25426988566108943, 0.2415475981353706, 0.2318269795687001, 0.22433723386202856, 0.21846949543820757, 0.21380504748659024, 0.2100456390097253, 0.20697038124041187, 0.20443466545219552, 0.20232254796953603, 0.20055093541285413, 0.19904010487077414, 0.1977364549357143, 0.19661023175639972, 0.1956301759241813, 0.1947651644879617, 0.1940019984152719, 0.19332252430243618, 0.19271333781945607, 0.1921598151533532, 0.19165782731297273], "val_loss_curve": [0.6937145908256789, 0.6140574116633211, 0.5976709099204252, 0.5876731326443193, 0.5783178267483806, 0.5690060422727556, 0.5600507439033829, 0.5518304263795173, 0.5446120065773701, 0.5382786388215902, 0.5327849300764935, 0.5280056649380491, 0.5238451960047225, 0.5201899766105733, 0.5169663506023812, 0.5140775168327602, 0.511511414930537, 0.5091900956276414, 0.5070824325171522, 0.5051692050723207, 0.5034299189428906, 0.5018141391124828, 0.5003160269874515, 0.49888578388136584, 0.4975526037437099, 0.4963058567799124, 0.4951283760316722, 0.49402172861312516, 0.4929644499225911, 0.4919645447622646], "fit_time": 64567.03827828914, "hp_idx": 2, "split_idx": 0, "seed": 1234, "n_splits": 5, "lr": 0.005, "max_epochs": 7500, "batch_size": 5, "optimizer__weight_decay": 5e-05, "module__scl_embeds": true, "neg_multiple": 1, "user_embeds": "esm_rank_100", "item_embeds": null}