{"train_loss": 0.19084140819592535, "val_loss": 0.4768943496239491, "train_loss_curve": [0.6944152389178206, 0.6025180407503543, 0.5288314591476057, 0.4573769830878372, 0.39495947906883433, 0.34507865964949486, 0.30724294422975734, 0.2793587099678807, 0.25900851643009054, 0.24413709068361739, 0.2331527187301026, 0.2249080391002825, 0.2185931749290156, 0.21367137699300984, 0.20977255733067346, 0.20663833174472923, 0.20408383774625807, 0.20198228332016882, 0.20022635356581855, 0.19874215661571826, 0.1974799032132401, 0.19639506162137865, 0.19545584692834558, 0.19463198139729435, 0.19390458329039953, 0.19326048007127183, 0.19268349094122852, 0.1921581332925308, 0.19167850039596462, 0.19124061019357572], "val_loss_curve": [0.6952451439378978, 0.6917763318006809, 0.6743744060501352, 0.6459205115869606, 0.6167518521695982, 0.5915685805615846, 0.5712840228856026, 0.5554532421045092, 0.5430350634931546, 0.533194412900643, 0.525292030008106, 0.5188225128433921, 0.5134268568911197, 0.5088527445922365, 0.504966213326632, 0.50156203639153, 0.4985763668354019, 0.4959174899215048, 0.49354591281402915, 0.4914403851632472, 0.48953952060226513, 0.48780734600859643, 0.48621010210686355, 0.4847264753042401, 0.4833365427308427, 0.48207033024384427, 0.48090566956114655, 0.4798127105828626, 0.47877750451956597, 0.47780901270034987], "fit_time": 57363.391273688525, "hp_idx": 2, "split_idx": 3, "seed": 1234, "n_splits": 5, "lr": 0.005, "max_epochs": 7500, "batch_size": 5, "optimizer__weight_decay": 5e-05, "module__scl_embeds": true, "module__n_factors": 100, "neg_multiple": 1, "user_embeds": null, "item_embeds": null}