{"train_loss": 0.19094768424647188, "val_loss": 0.48782927403986315, "train_loss_curve": [0.6955389318705195, 0.6035800245227505, 0.5307207410636995, 0.46016598594582986, 0.39818169719332097, 0.3482001311843638, 0.3100356071895393, 0.28173450015634016, 0.26097381189052987, 0.24573951407900083, 0.23443704040382618, 0.2259200700018221, 0.21941259227781015, 0.2143441045839455, 0.21034011204008995, 0.20713353043976582, 0.20452208559659954, 0.20236523204723147, 0.20055784548438882, 0.1990298228062886, 0.1977268541347098, 0.1966083806746862, 0.19563529909234623, 0.19478408506694592, 0.19402930336503216, 0.19336417501348024, 0.19277215263755124, 0.19224168955259277, 0.1917658579524519, 0.19133866568081462], "val_loss_curve": [0.6955333368414209, 0.6914440759898344, 0.6748392250571218, 0.648061224109643, 0.6205234614858678, 0.5965315724325764, 0.5770884569221999, 0.5617551829639849, 0.5497990489127613, 0.5403465374670315, 0.5328222492227813, 0.5267382197446756, 0.5217387211923694, 0.5174613324208901, 0.513777821622181, 0.510618289181472, 0.5078939380892715, 0.5055022880843122, 0.5033568458279947, 0.5013963042048516, 0.49960611767997415, 0.4979460968230015, 0.49644809620919483, 0.49506456983690356, 0.49376223560222937, 0.49255748735719074, 0.4914668860013807, 0.49047037779347047, 0.4895306621484962, 0.48864857857669153], "fit_time": 31405.51411102526, "hp_idx": 1, "split_idx": 1, "seed": 1234, "n_splits": 5, "lr": 0.005, "max_epochs": 7500, "batch_size": 5, "optimizer__weight_decay": 5e-05, "module__scl_embeds": true, "module__n_factors": 50, "neg_multiple": 1, "user_embeds": null, "item_embeds": null}