{"train_loss": 0.09194907922828412, "val_loss": 1.046615376061215, "train_loss_curve": [1.9617209526299597, 1.1583478470178967, 0.6886556556339335, 0.42557362503052715, 0.28352311429259075, 0.20683563314703976, 0.16410150483105568, 0.13904734101757932, 0.12345032504479399, 0.11318709850498021, 0.10613083042960904, 0.10115178975440157, 0.09759630275207103, 0.09507565660322705, 0.09333095279161567, 0.09218644672832335, 0.09150664265317277, 0.0912028110759169, 0.09121238695656046, 0.09147526789196035], "val_loss_curve": [1.8620720926003578, 1.756010746136134, 1.6768879424303005, 1.6140591010347114, 1.5605130354007641, 1.5126449391419514, 1.4685986169846186, 1.4274544938183054, 1.3884800184856763, 1.351488844220177, 1.3163220726109885, 1.2829174284056906, 1.251102346709836, 1.2207984582527533, 1.1919264673214136, 1.1644485599094339, 1.1383229553838432, 1.1135266357924276, 1.0899536624238209, 1.0676617900947314], "fit_time": 2190.5486091040075, "hp_idx": 33, "split_idx": 0, "seed": 1234, "lr": 0.005, "max_epochs": 5000, "batch_size": 25, "optimizer__weight_decay": 5e-05, "module__n_factors": 20, "module__scl_embeds": false}