{"train_loss": 0.5261406708586883, "val_loss": 0.6827038964293558, "train_loss_curve": [0.7079469733513318, 0.6828965845502618, 0.6630448612160894, 0.6469467511196514, 0.6336025053630898, 0.6222973954462228, 0.6125196944618281, 0.6038834761941072, 0.5961003997004949, 0.58895321016684, 0.5822849050685243, 0.575971735367825, 0.5699294137753251, 0.5640878755868454, 0.558389608572413, 0.5528000993589004, 0.5473082393216782, 0.5418904621180121, 0.5365525144640799, 0.5312978641622828], "val_loss_curve": [0.710381442418213, 0.7077263021252321, 0.705659066179911, 0.7039678850271786, 0.7025297279957153, 0.7012707091595193, 0.7001241849529963, 0.6990441139357494, 0.6979904025410906, 0.6969352062556203, 0.6958664551318233, 0.6947678965298161, 0.6936268912909275, 0.6924376297897602, 0.6911926528156207, 0.6898947611336498, 0.6885460568324867, 0.6871457078929936, 0.6856973364125823, 0.6842081204359002], "fit_time": 3296.434660255909, "hp_idx": 24, "split_idx": 1, "seed": 1234, "lr": 0.005, "max_epochs": 5000, "batch_size": 25, "optimizer__weight_decay": 0.0001, "module__n_factors": 10, "module__scl_embeds": true}