{"train_loss": 0.34408570716639497, "val_loss": 0.6124915398099701, "train_loss_curve": [0.6946750444410008, 0.6135154551976211, 0.571227876977487, 0.5384401866085046, 0.5091463332965379, 0.4827995486470647, 0.45964284578125514, 0.43965616886501824, 0.4226853218198795, 0.4083963510751863, 0.39645636152033203, 0.3864584090687456, 0.378061707889214, 0.3710135775672528, 0.3650879851761676, 0.3601018062473594, 0.3558596354889703, 0.3522204043374056, 0.349098801612854, 0.34640925473995976], "val_loss_curve": [0.6958346528505551, 0.693419769639095, 0.6895383848791552, 0.6831204286125274, 0.6749636382246718, 0.6664218596851779, 0.6584128805614902, 0.651287873396092, 0.6451049014373547, 0.6397859412880593, 0.6352495173664187, 0.6313487054112631, 0.6279937954396739, 0.625075687771356, 0.6225443133720848, 0.6203528882935209, 0.6184167990104444, 0.6166766344611532, 0.6151248285002741, 0.6137408000879784], "fit_time": 17168.248358026147, "hp_idx": 4, "split_idx": 1, "seed": 1234, "lr": 0.005, "max_epochs": 5000, "batch_size": 5, "optimizer__weight_decay": 0.0001, "module__n_factors": 50, "module__scl_embeds": true}