{"train_loss": 0.5157807844937, "val_loss": 0.677357689970301, "train_loss_curve": [0.7015222053089796, 0.6775499550257843, 0.6582766699781226, 0.6424314393102776, 0.6291240460078015, 0.6177143891580623, 0.6077257853724873, 0.5988022046270947, 0.5906775977821249, 0.5831504061342148, 0.5760721729442523, 0.5693286943578809, 0.5628369986328261, 0.5565387946786956, 0.5503905873062116, 0.5443693756106976, 0.53846053081491, 0.5326458467702594, 0.5269211950421153, 0.5212903093041991], "val_loss_curve": [0.6982892872570278, 0.6973458141574771, 0.6966283511031758, 0.6960281283010692, 0.6954686730613797, 0.6949027262645445, 0.6943031582798991, 0.6936377174370773, 0.6928928773025255, 0.6920629079803164, 0.6911411722362181, 0.6901210042146536, 0.6890003831236513, 0.687791216137248, 0.6864898993974521, 0.6851095550265901, 0.6836623275057697, 0.6821500884069429, 0.6805847179500651, 0.6789817411999602], "fit_time": 3440.435953017324, "hp_idx": 26, "split_idx": 0, "seed": 1234, "lr": 0.005, "max_epochs": 5000, "batch_size": 25, "optimizer__weight_decay": 0.0001, "module__n_factors": 20, "module__scl_embeds": true}