{"train_loss": 0.17891424274645173, "val_loss": 0.5135312086976505, "train_loss_curve": [0.6939745897336023, 0.5708774466432266, 0.5043032662226603, 0.44855525564741006, 0.3978974963049893, 0.35329992075326977, 0.3160728271334217, 0.2863618165671409, 0.2632658144270259, 0.24560085437553641, 0.23212924722738407, 0.2218136734563623, 0.2138292624100626, 0.2075981102440949, 0.20264984955815793, 0.19867098975887562, 0.19542774314165012, 0.19275031861087139, 0.19051685673998786, 0.1886389153371272, 0.1870383392934772, 0.18566861784515473, 0.18448782184037504, 0.18346221470827614, 0.18256759669280032, 0.18178010511479073, 0.18107733405618506, 0.1804506474734655, 0.17988891373355906, 0.17937705013900995], "val_loss_curve": [0.6904178887199129, 0.6132970357971118, 0.5928211744774384, 0.5812309625037028, 0.5720556770099882, 0.5641542914297123, 0.5572950656481163, 0.5514608307521048, 0.546580173880456, 0.5425207341007104, 0.5391451497830975, 0.5362909869448877, 0.5338870599506285, 0.5318112580581911, 0.5299598816085128, 0.5282874866491349, 0.5267585350311941, 0.5253643351247069, 0.5240996820515333, 0.522926006100006, 0.5218150677897581, 0.5207529989061092, 0.5197528332638632, 0.5188162464670636, 0.5179542568090413, 0.5171370466362558, 0.5163485347291689, 0.5155776315200951, 0.5148605567387827, 0.5141791874277671], "fit_time": 23908.198024574667, "hp_idx": 4, "split_idx": 2, "seed": 1234, "lr": 0.005, "max_epochs": 7500, "batch_size": 5, "optimizer__weight_decay": 5e-05, "module__scl_embeds": true, "neg_multiple": 1, "user_embeds": "esm_rank_50", "item_embeds": null}