{"train_loss": 0.34331439819389303, "val_loss": 0.6648522597370725, "train_loss_curve": [1.4295497744629282, 0.6424564565810937, 0.4020990500029886, 0.3238444259934393, 0.2955039268601438, 0.2857907604235929, 0.2843831335506008, 0.28705111242210596, 0.2917902188739957, 0.29749419560838786, 0.3034993809339299, 0.30943449886286, 0.3150877909807371, 0.32034624432747555, 0.3251407824423686, 0.3293976137120564, 0.3331120456396269, 0.336342341272001, 0.3391057313544735, 0.34141506898455976], "val_loss_curve": [1.4075287762499633, 1.1632883643214798, 1.028912892291596, 0.940375479090186, 0.8768935254264822, 0.8301133084825146, 0.7950913521237585, 0.7685750213675288, 0.7482546660311017, 0.7324153852490556, 0.7198654878667462, 0.7097576619028212, 0.7013160846866928, 0.6942989463572735, 0.6883509844749958, 0.6831905004027841, 0.6786700921319859, 0.6746813667404068, 0.671097970509029, 0.6678191506084584], "fit_time": 6750.858221493661, "hp_idx": 13, "split_idx": 0, "seed": 1234, "lr": 0.005, "max_epochs": 5000, "batch_size": 10, "optimizer__weight_decay": 0.0001, "module__n_factors": 10, "module__scl_embeds": false}