{"train_loss": 0.5092301917781225, "val_loss": 0.6779110096195246, "train_loss_curve": [0.6954750658332051, 0.6724836464736845, 0.6537959314448573, 0.6382751582246838, 0.6251196264178602, 0.6137368495300377, 0.6036881808113385, 0.5946422811328392, 0.586352014249855, 0.5786296396162405, 0.5713325971107939, 0.5643550618823036, 0.5576301976725772, 0.5511065947721193, 0.5447469171318975, 0.5385255011575761, 0.5324276142985949, 0.526446715778821, 0.5205835075766752, 0.5148360331332211], "val_loss_curve": [0.6993036531407006, 0.6986828546030422, 0.6981492736145566, 0.6976430771733865, 0.6971211400613498, 0.6965593599055747, 0.6959361140476181, 0.6952310870454761, 0.6944351238119322, 0.6935419472788675, 0.692545115308457, 0.6914414402959952, 0.6902353780534779, 0.6889324371535118, 0.6875402804270411, 0.6860654992389078, 0.6845206081742145, 0.6829212102530914, 0.6812759314308247, 0.679599253509839], "fit_time": 4370.905672837049, "hp_idx": 28, "split_idx": 1, "seed": 1234, "lr": 0.005, "max_epochs": 5000, "batch_size": 25, "optimizer__weight_decay": 0.0001, "module__n_factors": 50, "module__scl_embeds": true}