{"train_loss": 0.19160632065734953, "val_loss": 0.495548948715061, "train_loss_curve": [0.6951744558033713, 0.5693047355540758, 0.5045329783642134, 0.44991459294830105, 0.4002166713313686, 0.35670797865494214, 0.3207991628048763, 0.2924324952279811, 0.2706103906818152, 0.25400502728815333, 0.24144131621435713, 0.2318528160250918, 0.22444793043497194, 0.2186559352713824, 0.21406257007573395, 0.21035304445294065, 0.2073234272446322, 0.2048121288068116, 0.20271677521734444, 0.20094833803286744, 0.19944422161791478, 0.19815204757776392, 0.19703200351027275, 0.19604807081300524, 0.1951765944977969, 0.19440139022088687, 0.19371531165850747, 0.19310983551418348, 0.19256534439997547, 0.1920644925239872], "val_loss_curve": [0.6954394222556294, 0.614561413117361, 0.5970566350541192, 0.586770710724217, 0.5774768806802921, 0.568409544847784, 0.5598845728922696, 0.5521598817185783, 0.5453115377514374, 0.5393393007226479, 0.5342604953856457, 0.5298402517217717, 0.5259324865272412, 0.5225059020057286, 0.5194559097290039, 0.5167620583830319, 0.5143762037661664, 0.5122049021380487, 0.5102598180165102, 0.5084841006233559, 0.5068550701784991, 0.5053549979125217, 0.503967928498254, 0.5026680341767612, 0.5014349610212591, 0.5002703105201532, 0.4992068834984914, 0.4982303735302948, 0.49728327162459596, 0.4963903339592727], "fit_time": 43731.006441984326, "hp_idx": 1, "split_idx": 0, "seed": 1234, "n_splits": 5, "lr": 0.005, "max_epochs": 7500, "batch_size": 5, "optimizer__weight_decay": 5e-05, "module__scl_embeds": true, "neg_multiple": 1, "user_embeds": "esm_rank_50", "item_embeds": null}