{"train_loss": 0.19425281268587513, "val_loss": 0.4709102769310658, "train_loss_curve": [0.6974855477706035, 0.5729901347383716, 0.5094052490015758, 0.4560698857985553, 0.4075005213017195, 0.3646554958640348, 0.328860055573277, 0.3002098812262319, 0.27785581326008746, 0.2606270687029571, 0.2474519819939656, 0.23730666279894833, 0.22943765183488152, 0.22327745852672495, 0.21835267800052313, 0.2143592885675721, 0.2111033436242596, 0.20840114387710032, 0.2061477485573554, 0.20426120718637936, 0.202662898874328, 0.2012870917038382, 0.2000806303267383, 0.19902267865700918, 0.1980853323026369, 0.19726475307797442, 0.19653584484217745, 0.1958747942027225, 0.19528199385232278, 0.1947419306622395], "val_loss_curve": [0.6973230354922079, 0.6086609603919627, 0.584712023414793, 0.5694193554160756, 0.5560463357951257, 0.5440160972880317, 0.5335767049090567, 0.5246071296468342, 0.5170355948222267, 0.5106895650131302, 0.5053126089326985, 0.500834922681808, 0.49713217348971844, 0.49405640235175063, 0.4914078333595277, 0.4890055606849405, 0.4868002432834852, 0.4848569831040217, 0.4831093742679327, 0.4815451559070107, 0.48014693511845347, 0.47882454027801685, 0.4776257322384761, 0.47653015689937384, 0.4755410329202116, 0.47462579102574526, 0.47377319238854176, 0.4729941677397642, 0.4722711095512608, 0.4715569190906756], "fit_time": 30708.740552835166, "hp_idx": 0, "split_idx": 3, "seed": 1234, "n_splits": 5, "lr": 0.005, "max_epochs": 7500, "batch_size": 5, "optimizer__weight_decay": 5e-05, "module__scl_embeds": true, "neg_multiple": 1, "user_embeds": "esm_rank_20", "item_embeds": null}