{"train_loss": 0.16259200383376396, "val_loss": 0.6625306994799689, "train_loss_curve": [1.8982747274323495, 0.20658014756365725, 0.10727012221909682, 0.09313275198102358, 0.09277603145941525, 0.09720128957824041, 0.10357421098720376, 0.11071801426157957, 0.11800640175849943, 0.12507553920792544, 0.1316435641074311, 0.1375943149439339, 0.14289405137842479, 0.14746106982380533, 0.15130419955856178, 0.15447058155437843, 0.1570309992835332, 0.15904368489535992, 0.16059750129353, 0.16176750421381603], "val_loss_curve": [1.9337291566715826, 1.5797308104325494, 1.3781658202270806, 1.2191322803288906, 1.0946110486376397, 0.9987007526633067, 0.9251690594292743, 0.8687618100941876, 0.8257759583371502, 0.792665400357791, 0.7667620921885216, 0.7462212377703273, 0.7296515122785435, 0.71607219453875, 0.7047636466218041, 0.6951477141021849, 0.686888557352942, 0.6796857602981142, 0.6733484682225404, 0.6676469023897376], "fit_time": 13996.552871845663, "hp_idx": 9, "split_idx": 0, "seed": 1234, "lr": 0.005, "max_epochs": 5000, "batch_size": 5, "optimizer__weight_decay": 5e-05, "module__n_factors": 20, "module__scl_embeds": false}