{"train_loss": 0.09357888807080217, "val_loss": 1.0689863530273176, "train_loss_curve": [1.9312173148968836, 1.1616715316623796, 0.6914846258138095, 0.43119617944500804, 0.28892427009458727, 0.21150783020004388, 0.1683766226130071, 0.14301537196770622, 0.12708108613293592, 0.11648263773253505, 0.10914023098859302, 0.10391475668172667, 0.1001583761991477, 0.09745652997640497, 0.09555092932643382, 0.09427233457691221, 0.09348087924660677, 0.09308125521327719, 0.09300066239476239, 0.09318065915109117], "val_loss_curve": [1.9110844986620525, 1.7977344040743926, 1.7144568058459957, 1.648989792914067, 1.594151143018503, 1.545567230894505, 1.5009206375144084, 1.4591336042265648, 1.4195789901018976, 1.3819197212574115, 1.3459382120143786, 1.3117113244313965, 1.2790046797317902, 1.2478371950387122, 1.2181939449196904, 1.1899665134107074, 1.163157900797512, 1.1376411557878527, 1.1134637096915443, 1.0905620868624604], "fit_time": 2142.6256987042725, "hp_idx": 33, "split_idx": 1, "seed": 1234, "lr": 0.005, "max_epochs": 5000, "batch_size": 25, "optimizer__weight_decay": 5e-05, "module__n_factors": 20, "module__scl_embeds": false}