{"train_loss": 0.37671734648378064, "val_loss": 0.5693050292874133, "train_loss_curve": [0.6945116573133383, 0.5929835281978226, 0.5600533450289735, 0.5397828312906316, 0.5229895604482209, 0.5074778624708824, 0.49283121404040836, 0.4791074260759237, 0.4664589085374018, 0.4550026881333143, 0.44479435340708673, 0.4357300158339294, 0.42779374414311355, 0.4208843241526981, 0.4148823411499814, 0.40966825334029217, 0.40510926968876476, 0.40113744975272375, 0.39766171577067866, 0.3946076133416278, 0.39191021861302977, 0.3895222943866976, 0.3874052504136504, 0.3855232115698811, 0.38385094076129267, 0.38234693074084636, 0.3809856264470111, 0.3797627623110077, 0.3786538326293673, 0.37764189055039343], "val_loss_curve": [0.6909075474197214, 0.6265239272188473, 0.6157569514808955, 0.6115930354470139, 0.6089988325859284, 0.6067361645661034, 0.6043820040938738, 0.6018674387433729, 0.5992289667727647, 0.596574302502237, 0.5939821028052927, 0.5914923819889139, 0.5891777907947561, 0.5870349236562119, 0.5850780048257821, 0.5833164945609502, 0.5817121121433232, 0.5802606393459376, 0.5789319495377424, 0.5777164512945638, 0.5765997702841992, 0.5755674081457245, 0.5746259891226159, 0.5737895513331139, 0.5730185756733367, 0.5723003737524256, 0.5716250057924878, 0.5709901969958019, 0.5703868698198479, 0.5698245716626411], "fit_time": 22540.741734683514, "hp_idx": 1, "split_idx": 0, "seed": 1234, "lr": 0.005, "max_epochs": 7500, "batch_size": 5, "optimizer__weight_decay": 0.0001, "module__scl_embeds": true, "neg_multiple": 1, "user_embeds": "esm_rank_50", "item_embeds": null}