{"train_loss": 0.13111665291768132, "val_loss": 0.7655461569381611, "train_loss_curve": [1.9573166097030217, 0.5438303099141949, 0.21111839760902462, 0.1328449822779927, 0.10741278434515278, 0.09691810938323434, 0.09257235931610311, 0.09138958319795853, 0.09204049978083942, 0.09384026958027503, 0.09637707530028058, 0.09941935408122334, 0.10278286245632005, 0.1063467276679886, 0.11001698716189756, 0.11372347497370415, 0.11739756991014336, 0.12099711829687888, 0.12449751378390894, 0.12788404810887116], "val_loss_curve": [1.9489819749609578, 1.7222253172151356, 1.5863598995649, 1.4776851299843552, 1.382615393109743, 1.2977862490393615, 1.2226161122544437, 1.1561516110339514, 1.0974542962473626, 1.0457044894057683, 1.0004226472667392, 0.9607903434836134, 0.9260291749293167, 0.8956060397733366, 0.8690181472941305, 0.8457801134109941, 0.8254644366849355, 0.8076046698575365, 0.7918392758765235, 0.777872723781526], "fit_time": 4576.0172597281635, "hp_idx": 21, "split_idx": 1, "seed": 1234, "lr": 0.005, "max_epochs": 5000, "batch_size": 10, "optimizer__weight_decay": 5e-05, "module__n_factors": 20, "module__scl_embeds": false}