{"train_loss": 0.16277834063174423, "val_loss": 0.6527696832767815, "train_loss_curve": [1.878180889011413, 0.20513520227085216, 0.10643544986014773, 0.09239580558877794, 0.092031975793446, 0.09640435107477825, 0.1027611924296284, 0.10994929543724566, 0.11731712620418805, 0.12446130932436818, 0.1311031324715117, 0.13714235589898133, 0.14246730377033595, 0.14706539897148288, 0.15096530109852344, 0.15422737972684952, 0.15688039751458557, 0.15897441283736752, 0.1606091192960392, 0.16185614316874034], "val_loss_curve": [1.930786809151157, 1.5638693309321523, 1.3594221749787467, 1.200054380859451, 1.0759781839603533, 0.9803044893860289, 0.9073211515431333, 0.8515873273878449, 0.8091211333353221, 0.7765066301796257, 0.7511700713000783, 0.7311652024452657, 0.7152312593072077, 0.7023037722211364, 0.6915744309256922, 0.6825861201979225, 0.6748439732736629, 0.6681916880653466, 0.6624183943601554, 0.6573341549776962], "fit_time": 14206.118453681469, "hp_idx": 9, "split_idx": 1, "seed": 1234, "lr": 0.005, "max_epochs": 5000, "batch_size": 5, "optimizer__weight_decay": 5e-05, "module__n_factors": 20, "module__scl_embeds": false}