{"train_loss": 0.28723968759978014, "val_loss": 0.6739067905542316, "train_loss_curve": [3.266901820898056, 0.3401133002005604, 0.11334463676528914, 0.07409374869595735, 0.07493440283675155, 0.0833949803880531, 0.09482316489576738, 0.10811276707824294, 0.12262912007756445, 0.13795238270452528, 0.15369220454862345, 0.16959394415566972, 0.18540621682619438, 0.20089304896987678, 0.2158632019842977, 0.23012473896180555, 0.24353922464144537, 0.25600050091048776, 0.2674672488288168, 0.2778922629766253], "val_loss_curve": [2.8462261291866566, 2.3099909709533297, 1.9210541234563407, 1.6150426771096567, 1.377930448602257, 1.195645910928121, 1.0578802544132873, 0.9553082137292402, 0.8796683388674668, 0.8248558189936189, 0.7851146948201363, 0.7563818894113019, 0.7355279519608539, 0.7201367113856508, 0.7085481795377457, 0.6996040285036652, 0.6924906366909265, 0.6867162695045542, 0.6818452842948765, 0.6776406044697645], "fit_time": 9237.981921695173, "hp_idx": 17, "split_idx": 1, "seed": 1234, "lr": 0.005, "max_epochs": 5000, "batch_size": 10, "optimizer__weight_decay": 0.0001, "module__n_factors": 50, "module__scl_embeds": false}