{"train_loss": 0.32200421905253596, "val_loss": 0.6714042917668722, "train_loss_curve": [1.906314074593685, 0.5209792458945082, 0.23708033505262752, 0.1801869356462033, 0.16930006209126996, 0.1723260030775637, 0.18120028821877388, 0.19288921055746522, 0.20584595503854308, 0.21924262137818726, 0.2325498070784938, 0.2454084295666579, 0.2575777424173755, 0.26890006654468174, 0.2792804989711944, 0.2887239653990541, 0.2971949977127266, 0.30469240237782885, 0.31127810606728623, 0.3170299187545732], "val_loss_curve": [1.9746412301180274, 1.5985407329197667, 1.3656249309745139, 1.195121128413471, 1.066698407384726, 0.9697931638184225, 0.8974895345828393, 0.8436046218810923, 0.8035045366905375, 0.7735222753430058, 0.7510301878080414, 0.733840648903939, 0.7204887003130389, 0.7099527740400692, 0.701432306426309, 0.6943819155557418, 0.6884588593785149, 0.6833585806592246, 0.6788679791180563, 0.674925310735687], "fit_time": 7586.56287099421, "hp_idx": 15, "split_idx": 1, "seed": 1234, "lr": 0.005, "max_epochs": 5000, "batch_size": 10, "optimizer__weight_decay": 0.0001, "module__n_factors": 20, "module__scl_embeds": false}