{"train_loss": 0.37773042825666375, "val_loss": 0.5665812822697046, "train_loss_curve": [0.6960838082151868, 0.5956236181621432, 0.563002094373688, 0.5426407655801029, 0.5256924181629423, 0.5099582317138515, 0.4950357389306247, 0.48106813013636995, 0.4681908814202324, 0.4565336721138138, 0.4461304289641383, 0.4369715785939578, 0.4289885625506348, 0.42203521652694015, 0.4159769793348017, 0.41073371914872797, 0.4061690695462662, 0.4021958271420946, 0.3987281048635562, 0.39568636712181254, 0.39300880043093694, 0.39064660181395133, 0.38853909737461617, 0.38665821509571585, 0.3849658255503923, 0.3834410620686224, 0.38206868978032577, 0.38082190664248317, 0.3796903315067166, 0.3786642364942646], "val_loss_curve": [0.6955362601088477, 0.6249606844845351, 0.6130868437719512, 0.6086569023611662, 0.6060747093410341, 0.6037968169454928, 0.6014100592192653, 0.598856809490419, 0.5961292246421734, 0.5933834334535824, 0.5906962308433507, 0.5881352832058927, 0.5857735035641418, 0.5836373384052015, 0.5816938292000677, 0.5799352114017193, 0.5783438656505171, 0.5769203216280345, 0.57564925511817, 0.5744941596697261, 0.5734253747427797, 0.5724570553332984, 0.571568607020524, 0.570765889686096, 0.5700355769897049, 0.5693342318771394, 0.5686906799804289, 0.5680949646797213, 0.5675472088835456, 0.567041823406007], "fit_time": 22586.096429076046, "hp_idx": 1, "split_idx": 1, "seed": 1234, "lr": 0.005, "max_epochs": 7500, "batch_size": 5, "optimizer__weight_decay": 0.0001, "module__scl_embeds": true, "neg_multiple": 1, "user_embeds": "esm_rank_50", "item_embeds": null}