{"train_loss": 0.34258166636501225, "val_loss": 0.6119320330433634, "train_loss_curve": [0.6948548901898235, 0.6136779909952172, 0.5715645208284276, 0.5387308317017072, 0.5090235260837032, 0.4822259609079161, 0.4587045252413482, 0.43851282198297364, 0.4214075916097364, 0.4070478739643825, 0.3950268979407769, 0.38499591808951134, 0.376620296540864, 0.3695706275427889, 0.36365760114121254, 0.3586410086477767, 0.3544006665569693, 0.3507704847716151, 0.3476444369072985, 0.3449342995430379], "val_loss_curve": [0.6965045852538867, 0.6944524218569269, 0.6908749284305217, 0.684681420629119, 0.6765034777440113, 0.6677903651079654, 0.6595521001340626, 0.6522208056944512, 0.6458778446996128, 0.6404227196718707, 0.6357512781287963, 0.6317187999234055, 0.6282371470144579, 0.6252013543373222, 0.6225530813450302, 0.6202224040434355, 0.6181608345924001, 0.6163353279823468, 0.6147013218912767, 0.6132403497165178], "fit_time": 16936.88493996486, "hp_idx": 4, "split_idx": 0, "seed": 1234, "lr": 0.005, "max_epochs": 5000, "batch_size": 5, "optimizer__weight_decay": 0.0001, "module__n_factors": 50, "module__scl_embeds": true}