{"train_loss": 0.17958219237084946, "val_loss": 0.5302698125190043, "train_loss_curve": [0.6976976067291563, 0.5715114417625778, 0.5039369057688727, 0.44837556797884043, 0.3987520778485582, 0.35537917223228277, 0.31907407220561806, 0.2897262181822894, 0.26668768386013086, 0.2488662419932865, 0.23513144201596292, 0.22450791669201448, 0.2162439778191807, 0.20974299539037572, 0.20455158244565058, 0.20037727744562328, 0.19697354089004276, 0.19416281216342895, 0.1918358859166563, 0.18988333685278977, 0.18821176271713017, 0.1867694430591281, 0.1855214688836392, 0.18443977852791812, 0.1834927498108754, 0.1826533539144804, 0.18190419899365207, 0.1812302931351123, 0.18062604469505927, 0.18007829127835526], "val_loss_curve": [0.6991055793278701, 0.6199147200563571, 0.5994771864864376, 0.5891139722735315, 0.5818511069446177, 0.576061807129975, 0.5711063743940183, 0.5668163126842543, 0.5630467931733473, 0.5597253659727065, 0.5568692716476801, 0.5543580214278057, 0.5520900899114517, 0.5499839928730593, 0.5480742379241473, 0.5463357991376123, 0.5447786069260194, 0.5433650797662827, 0.5420666607943448, 0.5408469559299154, 0.539669243566744, 0.5385166060283676, 0.537405103601359, 0.5363498201945445, 0.5353809072395096, 0.5344270360037372, 0.5335141781561233, 0.5326568982922114, 0.5318382553026809, 0.5310488788189588], "fit_time": 19430.86145952344, "hp_idx": 3, "split_idx": 0, "seed": 1234, "lr": 0.005, "max_epochs": 7500, "batch_size": 5, "optimizer__weight_decay": 5e-05, "module__scl_embeds": true, "neg_multiple": 1, "user_embeds": "esm_rank_20", "item_embeds": null}