{"train_loss": 0.37754668466568325, "val_loss": 0.5668664982581472, "train_loss_curve": [0.6942223943151112, 0.5952418120299463, 0.5629818161966126, 0.5428995786143216, 0.5260961797765177, 0.510446892767587, 0.49554438325445394, 0.4815007416695268, 0.4685381058630232, 0.45680390733233445, 0.4463313991273277, 0.43709967013244594, 0.42902065761169783, 0.42198388924401087, 0.4158861095290602, 0.4105991391576781, 0.4060152339654424, 0.4020173473048823, 0.39851475033591854, 0.3954412846660401, 0.39274266266566427, 0.39037154607239, 0.3882626720172768, 0.3863805685023637, 0.3847028294418279, 0.3831993082831698, 0.3818448579346285, 0.3806182720049796, 0.3795015687022953, 0.3784768225393589], "val_loss_curve": [0.6922291556855181, 0.6238184723403905, 0.6126050560937061, 0.6085509030031158, 0.6061640453453248, 0.6040879552597767, 0.6018228956296311, 0.5993160990464104, 0.5966292670244103, 0.5938999275644342, 0.5912105069606455, 0.5886548654000451, 0.5862918563473684, 0.5841086952054834, 0.5821241668158478, 0.580345788475621, 0.5787440813244222, 0.577294523664913, 0.5759780202972722, 0.5747921765111126, 0.573736503069009, 0.5727850318971005, 0.5719172578513414, 0.5711207322750267, 0.570390676832074, 0.5697067849520412, 0.5690604295529478, 0.5684539630904898, 0.5678834984196233, 0.567350320179354], "fit_time": 41239.59594128281, "hp_idx": 2, "split_idx": 1, "seed": 1234, "lr": 0.005, "max_epochs": 7500, "batch_size": 5, "optimizer__weight_decay": 0.0001, "module__scl_embeds": true, "neg_multiple": 1, "user_embeds": "esm_rank_100", "item_embeds": null}