{"train_loss": 0.1907721175027149, "val_loss": 0.49680280177430675, "train_loss_curve": [0.6944553959470404, 0.6028262135452906, 0.5297079552564801, 0.4583881313208413, 0.396120021179694, 0.3464010923652517, 0.30860069375710447, 0.28061517249533896, 0.26007382000120566, 0.2450238208564789, 0.233872207562052, 0.22547235380970543, 0.21904313870986974, 0.21403289709143036, 0.2100622125049209, 0.20684751394810977, 0.20422878650383613, 0.20208033887200186, 0.20028686256810282, 0.19878422065703008, 0.19750210859774936, 0.19639660178601057, 0.19543299000885575, 0.19459563388695317, 0.1938508223602745, 0.19318903684094993, 0.1925970254715358, 0.19206422738189186, 0.191589320261147, 0.1911568717145458], "val_loss_curve": [0.6937411695301949, 0.6907538357245061, 0.6752381795075112, 0.6494073574290131, 0.6231023501821887, 0.6006244452787446, 0.5825330095152894, 0.5683658363206403, 0.5572288429629414, 0.5484131862320405, 0.5413782985181936, 0.535576159703287, 0.5307395712044828, 0.5266741429453408, 0.5231293611801587, 0.5200275922745535, 0.5172590798848159, 0.5147844443753327, 0.5125793660610983, 0.5106194079755904, 0.508819821158246, 0.507193741234484, 0.5056929216744044, 0.5043283571816963, 0.5030404644299706, 0.5018045499677702, 0.5006548709177471, 0.4995921877167233, 0.4986025863663578, 0.4976792582430137], "fit_time": 22010.210536513478, "hp_idx": 0, "split_idx": 0, "seed": 1234, "lr": 0.005, "max_epochs": 7500, "batch_size": 5, "optimizer__weight_decay": 5e-05, "module__n_factors": 50, "module__scl_embeds": true}