{"train_loss": 0.1919050830349083, "val_loss": 0.4750537653358615, "train_loss_curve": [0.69535273946127, 0.5707252792393168, 0.5069445717508855, 0.45271485211058476, 0.40297685198307837, 0.3592012489099481, 0.32285274399579056, 0.29407326575577053, 0.27194337869097757, 0.2551581433584527, 0.24246387699204291, 0.23276587400589754, 0.22525932705127535, 0.21937394978984373, 0.21469169944505226, 0.2109188680707462, 0.2078341961890407, 0.20529394069391288, 0.20315986320306928, 0.2013563419852866, 0.19981312512752267, 0.19849921769673104, 0.1973574260990016, 0.1963566015165143, 0.19547819958279009, 0.19470801830969073, 0.1940218313360513, 0.193408320489663, 0.19285813217118625, 0.19235775742401956], "val_loss_curve": [0.6975711472875523, 0.6114330906909686, 0.5900490490757689, 0.5762801304155466, 0.5640626203040687, 0.5526978688493762, 0.5424275203192547, 0.533484427122611, 0.5258764853543513, 0.5194356014881467, 0.513941321228753, 0.5093136735629757, 0.505370651971842, 0.5019167593460389, 0.49888068676516195, 0.49618671187158925, 0.4937611052402602, 0.491552815232263, 0.489523791754211, 0.4876828578575012, 0.4859960975000532, 0.48445835501042467, 0.4830600200085181, 0.48174619296723137, 0.48054150324694966, 0.4794435976371821, 0.4784504580080683, 0.4775258399567868, 0.47664827920778846, 0.4758241537621696], "fit_time": 45453.10787479952, "hp_idx": 1, "split_idx": 4, "seed": 1234, "n_splits": 5, "lr": 0.005, "max_epochs": 7500, "batch_size": 5, "optimizer__weight_decay": 5e-05, "module__scl_embeds": true, "neg_multiple": 1, "user_embeds": "esm_rank_50", "item_embeds": null}