{"train_loss": 0.2046347005129048, "val_loss": 0.7756543069174795, "train_loss_curve": [1.8977525965140176, 1.103254526125701, 0.6583572272502284, 0.42186889593813226, 0.2997309093620462, 0.23662978446896704, 0.2033062422989854, 0.18520749247105048, 0.17541371298553046, 0.17049073748547636, 0.1686107176860873, 0.1687649250695841, 0.17034367628275696, 0.17296531247606947, 0.17633093542756595, 0.18025993104476032, 0.18463241720325005, 0.18933958301742362, 0.19429172054115543, 0.19941727873862944], "val_loss_curve": [1.8798752527136904, 1.7045511828435884, 1.5707276271078692, 1.4627651893175566, 1.3718274390641905, 1.2929472808654492, 1.2235751647354562, 1.1620177259117295, 1.1071359156728624, 1.0582351497697942, 1.0146993854384878, 0.975955242668832, 0.9415581147153894, 0.9109827443992063, 0.8838888447740417, 0.8599142662156156, 0.838675461796336, 0.8199094003174966, 0.8033109264218168, 0.7886035586848403], "fit_time": 3317.0558392480016, "hp_idx": 27, "split_idx": 0, "seed": 1234, "lr": 0.005, "max_epochs": 5000, "batch_size": 25, "optimizer__weight_decay": 0.0001, "module__n_factors": 20, "module__scl_embeds": false}