{"train_loss": 0.19370220958780535, "val_loss": 0.4773867344679116, "train_loss_curve": [0.6996126829379331, 0.5744755239588656, 0.5099752617550195, 0.455742825484347, 0.40664837179692204, 0.3637276680508508, 0.3279134733155945, 0.2992408076263492, 0.276911490737011, 0.2597441517340968, 0.24655725016569008, 0.2363920976895946, 0.22848256260512714, 0.2222488353265829, 0.21729675606957038, 0.21332382269091846, 0.21010432656597644, 0.20744050591565266, 0.20521912205452458, 0.20335539952778145, 0.20177944251947494, 0.20043546633918935, 0.19927099013939104, 0.19825958470339924, 0.19737088226859933, 0.19658805663342832, 0.195886854941068, 0.19526186687474206, 0.19469117860398122, 0.19416956087045398], "val_loss_curve": [0.6960799869818565, 0.603277664327677, 0.5793093873973771, 0.5651861877291353, 0.5538281075534843, 0.5439778260435119, 0.5354011639744252, 0.5279281642591898, 0.5215921980656666, 0.5161543756567099, 0.5115021202444058, 0.5075061216446765, 0.5040917232076882, 0.5010487820110816, 0.4983476633097464, 0.4959319371096182, 0.49375361053920014, 0.49184827098410167, 0.49018484512061783, 0.4886647404924834, 0.4872163805094632, 0.4858742986473587, 0.48469265000699285, 0.48361356230778296, 0.4825712454902542, 0.48158562705268115, 0.4806761260389726, 0.47981176014755156, 0.4789737082045256, 0.47816266138584185], "fit_time": 19039.892107628286, "hp_idx": 0, "split_idx": 2, "seed": 1234, "n_splits": 5, "lr": 0.005, "max_epochs": 7500, "batch_size": 5, "optimizer__weight_decay": 5e-05, "module__scl_embeds": true, "neg_multiple": 1, "user_embeds": "esm_rank_20", "item_embeds": null}