{"train_loss": 0.13131721456217915, "val_loss": 0.7608793561275189, "train_loss_curve": [1.8545788697504058, 0.5127113136163428, 0.20355370999820918, 0.12994109660710146, 0.10603040462156975, 0.09619203723895853, 0.09214420049017225, 0.09112887467870237, 0.0919135723937903, 0.09383275354831307, 0.09646385740145683, 0.09953682708987603, 0.10289873548093502, 0.10646795530604382, 0.11013934115418245, 0.11383831174425324, 0.11752375827980197, 0.12114589428062288, 0.12466657170050904, 0.12807021537258453], "val_loss_curve": [1.912341133350537, 1.6945932874660115, 1.562974422093316, 1.4561249032998695, 1.3618930100283144, 1.277965917280226, 1.2035093803505796, 1.1379751948626724, 1.08056176945324, 1.0301592957167636, 0.9862310888467135, 0.9478507643535142, 0.9143127122403303, 0.8850099592358915, 0.8596006818723567, 0.8373831878731023, 0.8179100562225688, 0.8008470203909841, 0.7858257195749483, 0.7725536913582773], "fit_time": 5406.890439689159, "hp_idx": 21, "split_idx": 0, "seed": 1234, "lr": 0.005, "max_epochs": 5000, "batch_size": 10, "optimizer__weight_decay": 5e-05, "module__n_factors": 20, "module__scl_embeds": false}