{"train_loss": 0.1784645889536091, "val_loss": 0.5254475363250171, "train_loss_curve": [0.6967997614435641, 0.5704388464090185, 0.5025513006879392, 0.4462455594301495, 0.3956283457469098, 0.3513831630229304, 0.31455607796037377, 0.2851581287188096, 0.2623266350829032, 0.24484361073711908, 0.23146916825332764, 0.22119982156223153, 0.21326228677783526, 0.20704291150244847, 0.20210833993042907, 0.19814284107595562, 0.1949112846702207, 0.19225646516861544, 0.19005319914381744, 0.1882024112001679, 0.1866159165862047, 0.1852514579713678, 0.18407677911309267, 0.18305539727226633, 0.18216037579710656, 0.1813661246146068, 0.18065917015161667, 0.18002391602465542, 0.1794492299934746, 0.1789309308584242], "val_loss_curve": [0.6990563483921798, 0.6185986868568234, 0.5989658198469169, 0.5889616474457138, 0.5814920407231454, 0.5750067537793746, 0.5692038840868257, 0.5640423765627446, 0.5595305687194312, 0.5556963923016003, 0.552436373281208, 0.5496135915440696, 0.5471716581785179, 0.5450405332852494, 0.5431243109979205, 0.5414173790494671, 0.5398398008379903, 0.5383899662695772, 0.5370289552826565, 0.5357718376403714, 0.5346042019399729, 0.5335017628316487, 0.5324465326209377, 0.5314421893937604, 0.5304723931281091, 0.5295511602157063, 0.5286606167397507, 0.5278131422176436, 0.5269865871674114, 0.5261977113053932], "fit_time": 22263.523892428726, "hp_idx": 1, "split_idx": 0, "seed": 1234, "lr": 0.005, "max_epochs": 7500, "batch_size": 5, "optimizer__weight_decay": 5e-05, "module__scl_embeds": true, "neg_multiple": 1, "user_embeds": "esm_rank_50", "item_embeds": null}