{"train_loss": 0.1914093749372132, "val_loss": 0.4791768391145554, "train_loss_curve": [0.6956252360350881, 0.6034195110903143, 0.5305745671079177, 0.46018904350610057, 0.3984280455725613, 0.34869148488531443, 0.3106807427287849, 0.2824134970618227, 0.26166982522133087, 0.24643473134354532, 0.2351400576017305, 0.22665504113753787, 0.2201693977145026, 0.21511084870107577, 0.2110807981000651, 0.20785377335775512, 0.2052275755676222, 0.2030481316461892, 0.2012166020349287, 0.19966068458771213, 0.1983346380271657, 0.19719301052006136, 0.1961996794929184, 0.19532630520119762, 0.19455834601682945, 0.19387565476326732, 0.19327206039535536, 0.1927308311774669, 0.19224118304935695, 0.1918043018182061], "val_loss_curve": [0.6950605947932441, 0.6895410416773705, 0.6709574869810007, 0.6422880371481111, 0.613594604920952, 0.5891657984513781, 0.5696537966703201, 0.5544027189934726, 0.5424511302392799, 0.5330204953176853, 0.5254193050027033, 0.5192530963456992, 0.5141307211596093, 0.5097639762160383, 0.5059874218070146, 0.5027361049692392, 0.4998628782208288, 0.4973207490653286, 0.4950723343708993, 0.49300794535270936, 0.49112477667612353, 0.4894407408568131, 0.4879116761500324, 0.4864973874636741, 0.485173328825227, 0.48394836896991394, 0.4828375344944028, 0.4818202296406517, 0.4808948914018961, 0.48002121040905826], "fit_time": 29390.353147675283, "hp_idx": 1, "split_idx": 3, "seed": 1234, "n_splits": 5, "lr": 0.005, "max_epochs": 7500, "batch_size": 5, "optimizer__weight_decay": 5e-05, "module__scl_embeds": true, "module__n_factors": 50, "neg_multiple": 1, "user_embeds": null, "item_embeds": null}