{"train_loss": 0.1928247567966346, "val_loss": 0.5011508367065091, "train_loss_curve": [0.6989714086385734, 0.607548122270367, 0.5378930897523577, 0.4695753385084909, 0.40873183433231325, 0.35888151873537016, 0.320070907798116, 0.29066681140536627, 0.26868648207930973, 0.2523310730697279, 0.24015547207823687, 0.23097188681872052, 0.22390537314379635, 0.21836369751522747, 0.213984100627854, 0.2104789091752829, 0.20761653937351626, 0.20525961516789729, 0.20329687389217335, 0.20165397931652312, 0.20025156884202364, 0.1990379343544174, 0.1979808535666741, 0.19705885294379802, 0.19623950266144682, 0.19551415618461293, 0.19485463364167022, 0.19426460774498178, 0.1937381276141175, 0.1932640020195004], "val_loss_curve": [0.6974873377699894, 0.6941832757552233, 0.6794846953699262, 0.6546175006353473, 0.6293468277238896, 0.6076938986083161, 0.5900939673880446, 0.5761341550781149, 0.5649231216997864, 0.5559259350723845, 0.548677535689607, 0.5427405064811512, 0.5377256997559579, 0.5333723130014131, 0.5296504222095534, 0.5263763067065453, 0.5235056900161348, 0.5209286396687649, 0.5185965940834134, 0.5164541285430725, 0.5145094406413615, 0.5127254169727553, 0.5110584425335375, 0.5094824611011122, 0.5080356115241788, 0.5066584770950562, 0.5053652427634414, 0.5041731764988718, 0.5031029285303705, 0.5021005553511072], "fit_time": 23390.381926908158, "hp_idx": 0, "split_idx": 4, "seed": 1234, "n_splits": 5, "lr": 0.005, "max_epochs": 7500, "batch_size": 5, "optimizer__weight_decay": 5e-05, "module__scl_embeds": true, "module__n_factors": 20, "neg_multiple": 1, "user_embeds": null, "item_embeds": null}