{"train_loss": 0.17017410777179234, "val_loss": 0.6257847875676308, "train_loss_curve": [0.7045091314888223, 0.6044226908982495, 0.5326862215891585, 0.46736290505577077, 0.4079740541989292, 0.3569809093133553, 0.3152480810220703, 0.28216477892511377, 0.25649068642642114, 0.23668015118262845, 0.22145031538025622, 0.20972174838497923, 0.20058124676555186, 0.19343579047313936, 0.18778229021143802, 0.18325676479852282, 0.17957300681942132, 0.17653699315615468, 0.17401989046614486, 0.17192491100523577], "val_loss_curve": [0.7051507263201382, 0.6997874244773101, 0.6947900801445394, 0.6874812390871553, 0.6792133684535214, 0.6714208674933922, 0.6646646212227947, 0.6590028177694053, 0.6542623232373493, 0.6502511804755348, 0.6467669626515933, 0.6436831858916754, 0.6409288506045517, 0.6384059493029332, 0.6361746843092145, 0.6341081708982347, 0.6321599364565591, 0.6303877539986579, 0.6287330652685481, 0.627203992700196], "fit_time": 12592.648431099951, "hp_idx": 6, "split_idx": 1, "seed": 1234, "lr": 0.005, "max_epochs": 5000, "batch_size": 5, "optimizer__weight_decay": 5e-05, "module__n_factors": 10, "module__scl_embeds": true}