{"train_loss": 0.5141470751840196, "val_loss": 0.6752732381116929, "train_loss_curve": [0.6995299796471784, 0.6756865314809315, 0.6565038137016319, 0.6407203325406933, 0.6274585577991459, 0.6160811731170663, 0.6061160093594542, 0.5972112634486252, 0.5891036378406422, 0.5815839562000651, 0.5745074470768442, 0.5677624395972504, 0.561258169511954, 0.554944326011312, 0.5487845611079034, 0.5427506085233393, 0.5368225494777406, 0.5309935943994211, 0.5252654339710038, 0.5196369203862611], "val_loss_curve": [0.6974252486151119, 0.6964521586380796, 0.6956947154725285, 0.6950350245497782, 0.6944170337952943, 0.6937920817074783, 0.6931335339876399, 0.6924083606572551, 0.6916069702324986, 0.690722910666916, 0.6897445656142054, 0.6886623335290438, 0.6874757733592955, 0.686192623814049, 0.6848184525146715, 0.683363000380462, 0.6818395405973025, 0.6802589367474952, 0.6786282203030158, 0.6769585826369704], "fit_time": 3503.757473792881, "hp_idx": 26, "split_idx": 1, "seed": 1234, "lr": 0.005, "max_epochs": 5000, "batch_size": 25, "optimizer__weight_decay": 0.0001, "module__n_factors": 20, "module__scl_embeds": true}