{"train_loss": 0.20802604597288568, "val_loss": 0.6284118763633542, "train_loss_curve": [0.695749539613557, 0.6411827131845257, 0.5974498114321276, 0.5583944939099483, 0.5211873922655982, 0.48497815595887206, 0.4500147713095082, 0.41693832288396526, 0.38632638075324477, 0.35856078093661714, 0.3337706187042942, 0.3118814120907749, 0.2927172007497359, 0.27606045720001343, 0.2616183267944091, 0.24913419213681878, 0.23835863762592263, 0.2290519470655993, 0.22100890932118705, 0.2140466411419753], "val_loss_curve": [0.6975209540698356, 0.6967920830477645, 0.6957888933884236, 0.6940105514370756, 0.6911725885384566, 0.6872690518697103, 0.6825128356059948, 0.6772465843420762, 0.6717910522069687, 0.6664371518960922, 0.6613293354744678, 0.6565724242400456, 0.6521786558322418, 0.6481662208522672, 0.6445032314403908, 0.6411661559190506, 0.6381209620506891, 0.6353549501556894, 0.6328314649058389, 0.6305240835204269], "fit_time": 7176.0610226765275, "hp_idx": 22, "split_idx": 0, "seed": 1234, "lr": 0.005, "max_epochs": 5000, "batch_size": 10, "optimizer__weight_decay": 5e-05, "module__n_factors": 50, "module__scl_embeds": true}