{"train_loss": 0.37898027919024435, "val_loss": 0.5617995743736516, "train_loss_curve": [0.7009417627241228, 0.5967552530598808, 0.563867650548374, 0.5438929998895505, 0.5273127056059096, 0.5118485162282115, 0.4970383679403083, 0.48301219081154445, 0.47006815259012724, 0.45831588498101783, 0.44783692099675015, 0.4385832596661432, 0.43048127841569117, 0.42346577952661507, 0.41736215677998073, 0.412060031634788, 0.40747208171035654, 0.40347949589335624, 0.4000153891038853, 0.3969825054421187, 0.39431045362660727, 0.39193420980281973, 0.38983519317360815, 0.38794080884410787, 0.3862409821183948, 0.38471908925322595, 0.38334695326646306, 0.38209941081859017, 0.38096353131626454, 0.37993078242492423], "val_loss_curve": [0.6990964891777959, 0.6285833461629048, 0.6152132315917547, 0.6094856000980658, 0.6056823455378408, 0.6024129345215631, 0.5991562403199054, 0.5958255196876899, 0.5925177095517198, 0.5893333603938421, 0.5863408917269952, 0.5835214689108157, 0.5809618113246486, 0.5787101831103422, 0.5767429175494475, 0.5749753449202084, 0.5734177316744539, 0.5720096849277746, 0.5707335689343869, 0.5695790899002122, 0.5685292584166822, 0.567580133426352, 0.566728883734655, 0.5659363181722794, 0.5651967717753544, 0.5644995370979449, 0.5638606444433796, 0.5632704673227459, 0.5627397139898419, 0.5622435764035965], "fit_time": 18863.340911019593, "hp_idx": 0, "split_idx": 2, "seed": 1234, "lr": 0.005, "max_epochs": 7500, "batch_size": 5, "optimizer__weight_decay": 0.0001, "module__scl_embeds": true, "neg_multiple": 1, "user_embeds": "esm_rank_20", "item_embeds": null}