{"train_loss": 0.19371230894371885, "val_loss": 0.4821317945294756, "train_loss_curve": [0.6967616763122223, 0.5719952272655039, 0.5080230080453128, 0.4542435288281638, 0.4052828662477364, 0.36224597394857166, 0.32642445496624306, 0.29788589700871954, 0.2756559685836514, 0.2585880094835218, 0.24554483396965046, 0.23559126435585823, 0.22788054503702357, 0.22180143067024927, 0.21698249821032295, 0.21312449325206048, 0.20996032113812882, 0.20734420897697461, 0.20515596697059196, 0.2033237066491136, 0.20177264165432823, 0.20044543162978196, 0.19930274534692644, 0.1983001524292688, 0.19740867727145223, 0.19662746404121806, 0.19592991525183556, 0.19530809805337732, 0.1947394878769593, 0.19420669336221452], "val_loss_curve": [0.6965757564970078, 0.6114811623583034, 0.5882279063105236, 0.5734256015053296, 0.5608662648381714, 0.5497310867549379, 0.5401869878911416, 0.5320461128699884, 0.5251210759836453, 0.5193449017257802, 0.5145570602778443, 0.510529113189472, 0.5070373988533854, 0.5040752422444674, 0.501574580288837, 0.4993520376025414, 0.4973540862169627, 0.4955525515552165, 0.49395356472831425, 0.4925256480976027, 0.4911980267950814, 0.48998868052709205, 0.4888733116687213, 0.48784326116823246, 0.48687274780113565, 0.4859611885975123, 0.48508883891057, 0.4842665917932466, 0.48350895150583617, 0.4828038723493109], "fit_time": 30877.682993847877, "hp_idx": 0, "split_idx": 4, "seed": 1234, "n_splits": 5, "lr": 0.005, "max_epochs": 7500, "batch_size": 5, "optimizer__weight_decay": 5e-05, "module__scl_embeds": true, "neg_multiple": 1, "user_embeds": "esm_rank_20", "item_embeds": null}