{"train_loss": 0.38628165901037226, "val_loss": 0.6685052676116372, "train_loss_curve": [0.6962138490104453, 0.6724016177348602, 0.6512808811032411, 0.6321227338972625, 0.6143856297284017, 0.5976656327297637, 0.5816520596995498, 0.5661257201141411, 0.5509278379328602, 0.5359539408280161, 0.5211412282552058, 0.5064795827427944, 0.4919815373483238, 0.4776678010473996, 0.4635784248007344, 0.44976249716672306, 0.4362633601916489, 0.42312546691364483, 0.4103892635736432, 0.3980861145976957], "val_loss_curve": [0.6960767416666093, 0.6957038951437077, 0.6953561068915298, 0.6949796290018532, 0.6945321129235, 0.693982043961707, 0.6933045053181879, 0.6924737999977891, 0.6914762584138623, 0.6902993689552835, 0.6889398750043688, 0.6874035166732413, 0.6856959708561344, 0.6838373062521129, 0.6818432273023138, 0.6797417824461233, 0.6775612451863973, 0.6753235428476144, 0.6730525657885501, 0.670771823045562], "fit_time": 2438.4871494434774, "hp_idx": 34, "split_idx": 1, "seed": 1234, "lr": 0.005, "max_epochs": 5000, "batch_size": 25, "optimizer__weight_decay": 5e-05, "module__n_factors": 50, "module__scl_embeds": true}