{"train_loss": 0.05042297667122675, "val_loss": 0.5238499959207863, "train_loss_curve": [0.694945228612596, 0.5529337152695402, 0.4525260019837028, 0.35959155273007065, 0.27739260656214254, 0.21265655958708776, 0.1659717566888531, 0.13367645076600942, 0.11151796065122384, 0.09618787302450453, 0.08538081677323414, 0.07762182587772364, 0.07192838556340189, 0.06765732795510114, 0.06437387386368515, 0.06181481783119511, 0.05980103013655625, 0.05818726802803348, 0.056876222057322415, 0.05579617470753638, 0.054890197627982446, 0.05411974465743835, 0.05345770786414589, 0.05288569218491962, 0.05238797096071449, 0.05195673788169929, 0.051581652556054396, 0.051250200333019344, 0.05094958486810293, 0.0506757619663875], "val_loss_curve": [0.6941864161224632, 0.6038407029492872, 0.5793334116468897, 0.5692230583643997, 0.5629476981784601, 0.5582088799561029, 0.5544263206266024, 0.5512730498908909, 0.5486182716017315, 0.5463260313287586, 0.5442718050370996, 0.5423787310458981, 0.5405921468745682, 0.5389799663790508, 0.5375873085625886, 0.5362787010324012, 0.5350792046239066, 0.5339200340693334, 0.5328572209943998, 0.5318916747216266, 0.5309672536706174, 0.5301033187677133, 0.5292735562197395, 0.5284997016595273, 0.5277865290856705, 0.5270770058993224, 0.5263980971356216, 0.5257263674915253, 0.5251028558818975, 0.5244518249862261], "fit_time": 22162.16234268993, "hp_idx": 7, "split_idx": 1, "seed": 1234, "lr": 0.005, "max_epochs": 7500, "batch_size": 5, "optimizer__weight_decay": 1e-05, "module__scl_embeds": true, "neg_multiple": 1, "user_embeds": "esm_rank_50", "item_embeds": null}