{"train_loss": 0.3786774061009233, "val_loss": 0.5686800788853552, "train_loss_curve": [0.7000558942342726, 0.5958974963198344, 0.5626135586592718, 0.5422513794963605, 0.5254397818254912, 0.509893002121739, 0.4952637021134921, 0.4815331157150334, 0.468895668306224, 0.45746048054071464, 0.44728911826219314, 0.4383045550325697, 0.4304419740667125, 0.42356647703354333, 0.41757660613967357, 0.41232883634345685, 0.4077183203597464, 0.40366728517205214, 0.4001119570843426, 0.39699867476265754, 0.3942650677501103, 0.39184567158477335, 0.38970227462805784, 0.387789682771937, 0.38606568236860866, 0.3845144541457642, 0.38310602919494463, 0.38183967233834976, 0.3806838752139405, 0.37963041926982166], "val_loss_curve": [0.6967089803485603, 0.6293404188293678, 0.6175048594082986, 0.6127511302491168, 0.6097425201556066, 0.6071959686550227, 0.6046319146464755, 0.6018912504602979, 0.5991045453331687, 0.5963393561802544, 0.5936353768033165, 0.591065084626833, 0.5886622388306615, 0.5864626414865464, 0.5844866463562826, 0.5826712808982059, 0.5810439003618447, 0.579570076578147, 0.5782429406588728, 0.5770334446919965, 0.575946783191049, 0.5749609863216226, 0.5740464436007546, 0.5731945431732631, 0.5723967187731833, 0.571638592238818, 0.5709314031357114, 0.5703186006187559, 0.5697256293590669, 0.5691728796679657], "fit_time": 18112.173579018563, "hp_idx": 0, "split_idx": 0, "seed": 1234, "lr": 0.005, "max_epochs": 7500, "batch_size": 5, "optimizer__weight_decay": 0.0001, "module__scl_embeds": true, "neg_multiple": 1, "user_embeds": "esm_rank_20", "item_embeds": null}