{"train_loss": 0.19072375310910317, "val_loss": 0.4950719853094616, "train_loss_curve": [0.6958415735902165, 0.6040102848350246, 0.5311241122892225, 0.45987048407963094, 0.39751879100592946, 0.34761843056411623, 0.3096362805849181, 0.2814653365360254, 0.26076988584161, 0.2455388478414755, 0.23421446108653474, 0.2256806181505177, 0.21915003624392568, 0.21408943556988447, 0.21009033360971352, 0.206885285132175, 0.20428289034468047, 0.20214133413404586, 0.20034974142116552, 0.19882774750688378, 0.1975305604711924, 0.19642348839484375, 0.19546011166543129, 0.19461622273267992, 0.19387138876035367, 0.1932072420909178, 0.19260486908247237, 0.19205970034756675, 0.19156494909230065, 0.1911213772234895], "val_loss_curve": [0.698454368642438, 0.694055823248861, 0.6781807706142083, 0.6523732614371326, 0.6259094799210975, 0.6030279730722343, 0.5844345903479969, 0.5697526347265516, 0.5581104505746376, 0.5487892135092012, 0.5412717507696235, 0.5351137112226937, 0.52996641392266, 0.5256008708497861, 0.5218072348037661, 0.5185541902822909, 0.5156941115943007, 0.5131689646392019, 0.5109228450362082, 0.5088922892781821, 0.5070633852988968, 0.5054102823971869, 0.5038925657843376, 0.502497739330073, 0.5011825959452174, 0.49996427426631357, 0.4988650942529554, 0.49783875182323106, 0.49687996635209153, 0.4959478016881954], "fit_time": 30007.913156110793, "hp_idx": 1, "split_idx": 0, "seed": 1234, "n_splits": 5, "lr": 0.005, "max_epochs": 7500, "batch_size": 5, "optimizer__weight_decay": 5e-05, "module__scl_embeds": true, "module__n_factors": 50, "neg_multiple": 1, "user_embeds": null, "item_embeds": null}