{"train_loss": 0.16775018060558186, "val_loss": 0.6164542198056079, "train_loss_curve": [0.6997384725264458, 0.6016938864906907, 0.5282608231742343, 0.45984646452195715, 0.3973840463619966, 0.3446741431239463, 0.3027032706756275, 0.27036897555028366, 0.24586845700800558, 0.2274155921426478, 0.21352570553446984, 0.20295446105996073, 0.19480967514286368, 0.18844340463757236, 0.18341255659076855, 0.17937424439841357, 0.17610091545417175, 0.17341841135547434, 0.171193643696693, 0.16932395148787882], "val_loss_curve": [0.6999572326070252, 0.6976845648411577, 0.6943925552002392, 0.687959711572234, 0.6794600873650524, 0.6707880397128125, 0.6628945658787282, 0.6559621988337311, 0.650031889522373, 0.6449658654041295, 0.6406178028850629, 0.6368186750051219, 0.6335294276343884, 0.6306404921350626, 0.6280715669780852, 0.6257401861321623, 0.6236194877579763, 0.6216311741626382, 0.61979471390607, 0.6180715503813393], "fit_time": 13874.42440559715, "hp_idx": 8, "split_idx": 1, "seed": 1234, "lr": 0.005, "max_epochs": 5000, "batch_size": 5, "optimizer__weight_decay": 5e-05, "module__n_factors": 20, "module__scl_embeds": true}