{"train_loss": 0.3961518313084449, "val_loss": 0.6375614070036273, "train_loss_curve": [0.6958420237044355, 0.6459279075647012, 0.6138329678204232, 0.5903771434908425, 0.5711458751927445, 0.5540113565110383, 0.5380412481186829, 0.5229026922882298, 0.5085407677160833, 0.4949576940153029, 0.482166181494306, 0.4701956976682712, 0.4590416106380227, 0.4487005991813464, 0.4391415467559597, 0.4303334262960163, 0.4222410833571619, 0.4148139079342355, 0.4080214813386366, 0.4018047491917799], "val_loss_curve": [0.6942788704649555, 0.693839356848676, 0.6931604722158201, 0.6919293693935824, 0.6899967005575807, 0.6873308390997372, 0.6840389967103693, 0.6802760497426953, 0.6762441636160221, 0.6721267785662453, 0.6680418445419726, 0.6640812312425447, 0.660293579462887, 0.6567109176178139, 0.6533480755764167, 0.6502122483933881, 0.6472963993853416, 0.6445722843444995, 0.6420548678584019, 0.639721556417479], "fit_time": 9234.076441656798, "hp_idx": 16, "split_idx": 1, "seed": 1234, "lr": 0.005, "max_epochs": 5000, "batch_size": 10, "optimizer__weight_decay": 0.0001, "module__n_factors": 50, "module__scl_embeds": true}