{"train_loss": 0.12325044436127079, "val_loss": 0.8964291154852002, "train_loss_curve": [3.3478663763692342, 1.3614679318234952, 0.5204554846570331, 0.24934529650007048, 0.14907732179325867, 0.10200621041908554, 0.07974696313891987, 0.07441406456473933, 0.07274744209776335, 0.07333014030402535, 0.0754029580053636, 0.07840282646133562, 0.08202639425542109, 0.08613991451736971, 0.09065265531655367, 0.09548740904351775, 0.10061051400118211, 0.10598974161268698, 0.11158750664597383, 0.11735543855404063], "val_loss_curve": [2.9261489420226128, 2.67161372081661, 2.4638992679980527, 2.283097621826303, 2.119927339030035, 1.971623293690748, 1.8366331365350244, 1.7140284198703188, 1.6030266241524325, 1.5027922635728663, 1.4124012143809201, 1.3309295781147785, 1.2577939072063753, 1.192281200613453, 1.1338117600598814, 1.0816117117316018, 1.0351288851116087, 0.993859819876842, 0.9573002111314338, 0.9249280707124785], "fit_time": 4390.710493505001, "hp_idx": 29, "split_idx": 0, "seed": 1234, "lr": 0.005, "max_epochs": 5000, "batch_size": 25, "optimizer__weight_decay": 0.0001, "module__n_factors": 50, "module__scl_embeds": false}