{"train_loss": 0.1901301561860072, "val_loss": 0.4923520398897169, "train_loss_curve": [0.6945585594543056, 0.602673513968693, 0.5288786768335721, 0.4566201917923749, 0.3937389014583799, 0.3437774898632264, 0.30604917286869027, 0.27825298415542815, 0.25798467493777666, 0.24315914065981076, 0.23220536669543354, 0.223974018285365, 0.2176771943184528, 0.21278118255583325, 0.20892895819760698, 0.2058390350660881, 0.20331257193440358, 0.20122615083168394, 0.19948122121961456, 0.19801477207304888, 0.19676790542984154, 0.19569900184413808, 0.19476242259288085, 0.19393191793012093, 0.19319830504187024, 0.19254418802475437, 0.1919651286271863, 0.1914440816083499, 0.19096633113196582, 0.19052943951690074], "val_loss_curve": [0.6951953138643767, 0.6917381125799704, 0.6758930900574842, 0.6495957318302634, 0.622733340466217, 0.599582848119569, 0.580916343825611, 0.5661658698514903, 0.5545660980427877, 0.5453500792835698, 0.5379579593460043, 0.5318848949906987, 0.5268164343854069, 0.5225343290447216, 0.5188668939460824, 0.5156908369078225, 0.5128882513457523, 0.5103834979409799, 0.5081599512526066, 0.5061517511613858, 0.5043526270051242, 0.5027475485400165, 0.5012667609209364, 0.4998865527272363, 0.4986041387790567, 0.49739422531047345, 0.49626203275574393, 0.49519510974451936, 0.4941983559149337, 0.4932505131584086], "fit_time": 41284.45728196576, "hp_idx": 2, "split_idx": 0, "seed": 1234, "n_splits": 5, "lr": 0.005, "max_epochs": 7500, "batch_size": 5, "optimizer__weight_decay": 5e-05, "module__scl_embeds": true, "module__n_factors": 100, "neg_multiple": 1, "user_embeds": null, "item_embeds": null}