{"train_loss": 0.34541366672489465, "val_loss": 0.6163338433543007, "train_loss_curve": [0.6993757753654025, 0.6171070509063639, 0.5762433452007514, 0.5450267655799705, 0.5165973159991157, 0.49046686880236656, 0.4670528003589399, 0.4465493493999849, 0.4289465966369756, 0.4140229505602089, 0.40142971247531894, 0.3908406210566879, 0.38193123918100513, 0.37441465380892774, 0.3680761719075192, 0.3627029503905209, 0.3581251204882393, 0.3542054803860885, 0.3508516165340355, 0.3479409477293255], "val_loss_curve": [0.6993501615691018, 0.6951004112517083, 0.6911641558706065, 0.685297868051729, 0.6777134069473871, 0.6695113762136384, 0.6616783936471095, 0.65467223215909, 0.6485728038461892, 0.6433263502164043, 0.638867515593003, 0.6350754648968057, 0.6317791593172055, 0.6289035034103271, 0.6264019894711066, 0.6242196010751324, 0.6222885876268773, 0.6205703110058547, 0.6190175060486738, 0.6176081979191387], "fit_time": 14018.641138128936, "hp_idx": 2, "split_idx": 0, "seed": 1234, "lr": 0.005, "max_epochs": 5000, "batch_size": 5, "optimizer__weight_decay": 0.0001, "module__n_factors": 20, "module__scl_embeds": true}