{"train_loss": 0.16475529767230665, "val_loss": 0.9348387749461861, "train_loss_curve": [1.3986665950104418, 1.0067257425339802, 0.745622474896509, 0.5730809447038324, 0.4585369449433684, 0.3814194631639249, 0.32832401879236023, 0.2906874164276209, 0.2631567821575871, 0.24241324891087634, 0.2263758216625634, 0.21369469990095222, 0.20348210575128106, 0.1951330160994867, 0.18823338482237087, 0.18247435023058375, 0.17764897179857372, 0.17357775617102505, 0.1701296678711468, 0.1672102407367514], "val_loss_curve": [1.4584249437619479, 1.3728333922463418, 1.309492053338142, 1.2606482243551798, 1.2215426295717835, 1.1890508997620959, 1.1611805404677535, 1.1365195308879261, 1.1142402990506246, 1.093894512121216, 1.075061784167112, 1.0574788670370352, 1.0409298231065411, 1.0252452243319203, 1.010379324738796, 0.9962673766629679, 0.9828119454058734, 0.9699799593859342, 0.9577184111782999, 0.9459980646699736], "fit_time": 3263.9487516768277, "hp_idx": 31, "split_idx": 0, "seed": 1234, "lr": 0.005, "max_epochs": 5000, "batch_size": 25, "optimizer__weight_decay": 5e-05, "module__n_factors": 10, "module__scl_embeds": false}