{"train_loss": 0.21444371568434167, "val_loss": 0.6396842928554217, "train_loss_curve": [0.701476865645611, 0.6458864746254919, 0.6024098786023947, 0.5643156578629722, 0.5284460039336086, 0.4936346670478096, 0.4599277194771733, 0.4278272424405549, 0.39783312415048516, 0.3703319796107032, 0.34551698433144107, 0.3233994746229032, 0.3038427578089954, 0.28666469116102566, 0.27162282328644555, 0.2585049055534087, 0.24709249471937303, 0.2371632293700338, 0.2285265985589761, 0.2209936802933266], "val_loss_curve": [0.6986397928945889, 0.6976094725499428, 0.6968352643446812, 0.6956669132896836, 0.693790247957866, 0.691023943987891, 0.6874235562161983, 0.6832293887381844, 0.678734339292468, 0.6741893482002574, 0.669740611910959, 0.6655465403229075, 0.6616308808354515, 0.6580214508626533, 0.6546914648359321, 0.6516417931721021, 0.6488317586820312, 0.646239150040187, 0.6438638677016704, 0.6416928072469333], "fit_time": 7514.292465098202, "hp_idx": 20, "split_idx": 1, "seed": 1234, "lr": 0.005, "max_epochs": 5000, "batch_size": 10, "optimizer__weight_decay": 5e-05, "module__n_factors": 20, "module__scl_embeds": true}