{"train_loss": 0.15401402688075055, "val_loss": 0.6598283060365803, "train_loss_curve": [3.2547322151699976, 0.241928489371865, 0.07254561379938311, 0.04068360438935094, 0.04357012217247854, 0.049840152622927805, 0.05722732834804516, 0.06543250944430665, 0.0742287992593118, 0.08314805877957242, 0.09207909757874923, 0.10090683417998271, 0.10942987802423242, 0.11745037896111434, 0.12485902794226483, 0.131573909355245, 0.13753706196839716, 0.1427503153247572, 0.14720033539029267, 0.15094339759859726], "val_loss_curve": [2.8770113254070635, 2.345295481694748, 1.9619790115405642, 1.6567672346378781, 1.4174073263533773, 1.2334150503595604, 1.0924407022278413, 0.9857878336041478, 0.9061371591033344, 0.8467928710643103, 0.8025932885753327, 0.7695895315439558, 0.7446412719277186, 0.7253747558949516, 0.7102682776497249, 0.6981568650908614, 0.6880785843852962, 0.6795357204478614, 0.6721551899421907, 0.665609226871076], "fit_time": 13802.780709721148, "hp_idx": 11, "split_idx": 1, "seed": 1234, "lr": 0.005, "max_epochs": 5000, "batch_size": 5, "optimizer__weight_decay": 5e-05, "module__n_factors": 50, "module__scl_embeds": false}