{"train_loss": 0.05036330075651225, "val_loss": 0.5138249056320605, "train_loss_curve": [0.695006866346706, 0.5516940551595046, 0.45172677523866817, 0.35909934559107554, 0.27696983722670304, 0.2122936914626092, 0.1656728815954908, 0.13342849667822304, 0.1113386606387273, 0.0960458702736671, 0.08527616370905686, 0.07753078771064749, 0.07186080352647452, 0.06760567302613721, 0.0643532901743453, 0.061819524290137824, 0.05980635444809507, 0.05818061150489961, 0.056858784572052005, 0.05576673743699293, 0.054854748033026195, 0.054085660444155755, 0.0534316709939182, 0.05287130541734762, 0.05237946586302397, 0.05194772952936355, 0.05156228932311068, 0.051216967674167634, 0.05090186257042329, 0.05061829105911816], "val_loss_curve": [0.6917290894999376, 0.6065020864870466, 0.5828632276795802, 0.5716584452088165, 0.5635269541826311, 0.556743552090666, 0.5511394832563404, 0.546523513764289, 0.5428269080291286, 0.5398223355546693, 0.5372170478987679, 0.5349493034968388, 0.5329321500568039, 0.5312172838666871, 0.5296552860891123, 0.5282303990868525, 0.526897589307006, 0.5257087741848492, 0.5245729743725522, 0.5234987646531563, 0.5224798857806112, 0.5214546328119285, 0.5204260532528255, 0.5194416617861929, 0.518502616201374, 0.5176085188539243, 0.5167436114257973, 0.5159348454371996, 0.5151843058525859, 0.5144898441326018], "fit_time": 21466.248654663563, "hp_idx": 7, "split_idx": 2, "seed": 1234, "lr": 0.005, "max_epochs": 7500, "batch_size": 5, "optimizer__weight_decay": 1e-05, "module__scl_embeds": true, "neg_multiple": 1, "user_embeds": "esm_rank_50", "item_embeds": null}