{"train_loss": 0.17869404069708036, "val_loss": 0.5192554863886192, "train_loss_curve": [0.6937272505006459, 0.5722537281359382, 0.5058772503746037, 0.45000511759341355, 0.39917754377465625, 0.35432322451385256, 0.3168324080536386, 0.2868351179335809, 0.26353381933068915, 0.24570814511782849, 0.2321387547227725, 0.22174320213821078, 0.2137127879021478, 0.2074439487673901, 0.20247044536091477, 0.19847460263601693, 0.1952170098155169, 0.192534985595607, 0.1903026017716536, 0.18842309363502935, 0.18682805191993213, 0.18546183456551635, 0.1842845484469764, 0.183264792147222, 0.1823691399958526, 0.18158073784351286, 0.18087956843652453, 0.18024920574274592, 0.1796798065218773, 0.1791635601429396], "val_loss_curve": [0.6925956721489246, 0.6117655556206103, 0.5916546105140156, 0.5813178675105939, 0.5736634470131639, 0.5670811325389814, 0.5612451948642314, 0.5560944005195703, 0.5516340493035692, 0.5478649804420717, 0.5446793563872367, 0.5419285467767215, 0.5395413653833883, 0.5374462134041986, 0.5355848235280051, 0.5338876103669717, 0.5323311574757099, 0.5309245649959657, 0.5296262405044236, 0.5284177030117571, 0.527289501703963, 0.5262357425595914, 0.525266931021026, 0.5243737725606124, 0.5235414396828184, 0.5227580726850074, 0.522002197489455, 0.5212761346849945, 0.5205697835442591, 0.5198952402216155], "fit_time": 33561.19703589007, "hp_idx": 5, "split_idx": 1, "seed": 1234, "lr": 0.005, "max_epochs": 7500, "batch_size": 5, "optimizer__weight_decay": 5e-05, "module__scl_embeds": true, "neg_multiple": 1, "user_embeds": "esm_rank_100", "item_embeds": null}