{"train_loss": 0.19038540056227996, "val_loss": 0.4849929090997417, "train_loss_curve": [0.6941507128312256, 0.602111182161328, 0.5282074485191812, 0.4565803843270702, 0.3941404618318507, 0.34424698278069077, 0.30646352251006703, 0.2786583833241192, 0.2583681827840688, 0.2435052796533899, 0.23249154313573697, 0.22423315337860045, 0.21792038013901044, 0.21301223423956747, 0.20914187707016701, 0.20602906451039596, 0.20349310884236177, 0.2014004456653646, 0.19965676804883703, 0.1981897677965142, 0.19693722350583398, 0.19586087778888064, 0.19492332776160276, 0.19409728154125358, 0.1933769908654009, 0.19273877945587062, 0.19216901048449045, 0.1916565600477032, 0.19119124133620233, 0.19076975526861628], "val_loss_curve": [0.693727864912062, 0.6901549412792934, 0.6738342451917264, 0.647073986195462, 0.6193525052188715, 0.595251448009606, 0.5758656957089068, 0.5606264623624462, 0.5487132617608929, 0.5392699891175979, 0.5316896803616297, 0.5254437890042722, 0.520254662777091, 0.5158694340502257, 0.5120696011401, 0.5087752174976823, 0.5058895368172434, 0.503338290031105, 0.5010853118213254, 0.4990674072794078, 0.49722747544221807, 0.49552234428085923, 0.4939541004919436, 0.49251526370557736, 0.49119851415182325, 0.48997490303829694, 0.48884208405733387, 0.48778197520557953, 0.48678670128881235, 0.4858595957471566], "fit_time": 56690.86342906952, "hp_idx": 2, "split_idx": 1, "seed": 1234, "n_splits": 5, "lr": 0.005, "max_epochs": 7500, "batch_size": 5, "optimizer__weight_decay": 5e-05, "module__scl_embeds": true, "module__n_factors": 100, "neg_multiple": 1, "user_embeds": null, "item_embeds": null}