{"train_loss": 0.37673974675419447, "val_loss": 0.5614997813619488, "train_loss_curve": [0.695926716746567, 0.5947085203068865, 0.5625923543100382, 0.5429243649115095, 0.5264437184180621, 0.5109512480040947, 0.496021543284292, 0.4818474506190815, 0.468698705468405, 0.45676006499834204, 0.44614237780728333, 0.43680485652538237, 0.42864349329440327, 0.42154683401300147, 0.4153958053777476, 0.41005120364545317, 0.4054074581074235, 0.4013718366362415, 0.39785688859573404, 0.3947792660145389, 0.3920747139719087, 0.38968992650092066, 0.3875751331826294, 0.38567841015886384, 0.38398338299427, 0.38245780206565466, 0.38108007951763334, 0.37983637546039334, 0.3787074253301729, 0.3776772314018303], "val_loss_curve": [0.6964878453454507, 0.628184223996463, 0.615914699819881, 0.6108228495463744, 0.6074368931032553, 0.6044003778495919, 0.6011783598175245, 0.5977810088801776, 0.5943359104266905, 0.5909648496096015, 0.5877804061715192, 0.5848515071092097, 0.582207599577265, 0.5798058794194395, 0.5776628708455812, 0.5757444880722953, 0.5740140340844415, 0.5724514822373652, 0.571051231247639, 0.5697862529783826, 0.5686691463535671, 0.5676690196294641, 0.5667526786062175, 0.565896967165993, 0.5651203635930181, 0.5643924190192091, 0.5637139548743343, 0.5630825097096388, 0.5625022250420149, 0.5619724041392395], "fit_time": 27801.984723053873, "hp_idx": 1, "split_idx": 2, "seed": 1234, "lr": 0.005, "max_epochs": 7500, "batch_size": 5, "optimizer__weight_decay": 0.0001, "module__scl_embeds": true, "neg_multiple": 1, "user_embeds": "esm_rank_50", "item_embeds": null}