{"train_loss": 0.05026188880383635, "val_loss": 0.5387618379289663, "train_loss_curve": [0.6943358032670882, 0.5491184356757073, 0.44790600701283273, 0.35505255866971003, 0.2734210551310084, 0.2094603404689344, 0.16353067844743954, 0.13188094127917388, 0.11019033284131245, 0.09516718047637636, 0.084589001249563, 0.07697656666487064, 0.07139590111989244, 0.06722282207893245, 0.06402331261359341, 0.061530005235813166, 0.05955281213426177, 0.057950562640502176, 0.056642682308991964, 0.055562921499754975, 0.054662168294668176, 0.053904625319281876, 0.05326049079853747, 0.052706830272417494, 0.052222972523409975, 0.05179809320970137, 0.0514214457859355, 0.05108542812681684, 0.0507827892340622, 0.050509329817662825], "val_loss_curve": [0.6933491264398282, 0.608922054352877, 0.5888879822788539, 0.5822042526117155, 0.5783722195123042, 0.5751048861709717, 0.5721836734068143, 0.5696205432116465, 0.5673875652996081, 0.5654774873901706, 0.5636650146200106, 0.5619492071153193, 0.560246537061786, 0.5585728774329165, 0.5569860598567379, 0.5553455460959902, 0.5537952874962996, 0.5522438078480479, 0.5508261961680088, 0.5495358654395579, 0.5483947614585603, 0.5473082764660353, 0.5462133560551109, 0.5451546904038299, 0.5441047421597934, 0.5430587791427449, 0.5420811256016052, 0.5411568390518114, 0.5402952805356859, 0.5395064506015473], "fit_time": 21731.44028064236, "hp_idx": 7, "split_idx": 0, "seed": 1234, "lr": 0.005, "max_epochs": 7500, "batch_size": 5, "optimizer__weight_decay": 1e-05, "module__scl_embeds": true, "neg_multiple": 1, "user_embeds": "esm_rank_50", "item_embeds": null}