{"train_loss": 0.341360865616715, "val_loss": 0.6304957051951448, "train_loss_curve": [3.23043476894509, 0.08987742112781244, 0.07491842929994588, 0.09498466115601205, 0.12269629159451642, 0.15367263213390514, 0.18529120470573018, 0.2156823170056571, 0.2433352463451021, 0.26728437079381556, 0.2870745357117314, 0.3028340046847617, 0.3149229282977837, 0.3239108039921536, 0.33038033736926137, 0.334903059653191, 0.3379282840811984, 0.3398168132594832, 0.34087314769313054, 0.3413315073593513], "val_loss_curve": [2.9519924390636554, 1.9824466100186249, 1.4149037346427995, 1.0784845600131787, 0.8899784600763895, 0.7892074597815751, 0.7363662846607049, 0.7077225780856723, 0.6908572833558623, 0.6797500521146104, 0.6715856161004153, 0.6649712339985145, 0.6593565687443388, 0.6544019016151691, 0.6499996923933388, 0.645975459654533, 0.6423029732658302, 0.6389507904812072, 0.6358789057234391, 0.633063993217173], "fit_time": 16502.747995797545, "hp_idx": 5, "split_idx": 1, "seed": 1234, "lr": 0.005, "max_epochs": 5000, "batch_size": 5, "optimizer__weight_decay": 0.0001, "module__n_factors": 50, "module__scl_embeds": false}