{"train_loss": 0.1915619220081448, "val_loss": 0.4807992992327833, "train_loss_curve": [0.6949707680248439, 0.571388039629921, 0.5080706117761287, 0.4541258452655309, 0.40437292964412785, 0.36035052005543006, 0.32367782909968634, 0.29454378926352753, 0.2721275003361238, 0.25513314219083383, 0.24227855463434755, 0.2324713295423071, 0.2248921181165788, 0.21898562715497533, 0.2142838636484053, 0.21049172875518773, 0.20739977062616996, 0.20484940513684036, 0.20272711700752094, 0.20094400233451104, 0.19943046215913499, 0.19813026503460168, 0.19700134740052705, 0.19601181017906102, 0.19513899769998233, 0.19436553989811314, 0.1936773543326019, 0.19305991472055695, 0.1925050355618868, 0.192007939497197], "val_loss_curve": [0.6942111154744676, 0.6071875352403778, 0.5877407057458287, 0.5761777678100796, 0.5659213163705417, 0.5561073745898295, 0.5468258576029108, 0.538417807912632, 0.531083073293343, 0.5248341161002229, 0.5195675901330504, 0.5150973989882253, 0.5112396198604907, 0.5078928026919945, 0.5049312252221339, 0.5022904753276866, 0.4999326686385698, 0.4978019953694516, 0.49583684940038725, 0.4940258241703599, 0.4923689720157907, 0.4908429683427085, 0.4894247922464545, 0.4880945501427898, 0.48684846569451834, 0.48567219177100346, 0.48457715533986373, 0.483562890583506, 0.48259248429939744, 0.48167272788279264], "fit_time": 64747.225018877536, "hp_idx": 2, "split_idx": 1, "seed": 1234, "n_splits": 5, "lr": 0.005, "max_epochs": 7500, "batch_size": 5, "optimizer__weight_decay": 5e-05, "module__scl_embeds": true, "neg_multiple": 1, "user_embeds": "esm_rank_100", "item_embeds": null}