{"train_loss": 0.17973547715652674, "val_loss": 0.5176157127883467, "train_loss_curve": [0.6995315505587402, 0.575385282333653, 0.5073828055013787, 0.45107959151205473, 0.4006344986860309, 0.35654757016969113, 0.3196339706197696, 0.2899195047176516, 0.2666745190190298, 0.24873036674309662, 0.23492717286426926, 0.22426184914220587, 0.2159380894854553, 0.2094433396145334, 0.20431487205317647, 0.20018046851051524, 0.19681902490536698, 0.19405286154779944, 0.19173390169786414, 0.18978083584067454, 0.1881253123869636, 0.18671454686080685, 0.18549898568189713, 0.18443432389454817, 0.18350078846362322, 0.1826810545256597, 0.18195740015101527, 0.18130733403402477, 0.18072269004197217, 0.18020544888936654], "val_loss_curve": [0.6940860869167568, 0.6139511033059, 0.5909109210165647, 0.5785059292989594, 0.5695414431653656, 0.5622868258636314, 0.5561185023011445, 0.550902557083881, 0.5466469929950846, 0.5431163388506307, 0.540188892757507, 0.5377221341876612, 0.5355558393757556, 0.5336372663390699, 0.5319993294567078, 0.5305859090799426, 0.5293375195453426, 0.5281810810385675, 0.5270708905650185, 0.5259963165695122, 0.5249779120322082, 0.5240300632231719, 0.5231551320480925, 0.5223251566082447, 0.5215444842392539, 0.5207788805978802, 0.5200751721403086, 0.51939473108395, 0.5187780029511639, 0.5181986255037201], "fit_time": 22669.739347226918, "hp_idx": 3, "split_idx": 1, "seed": 1234, "lr": 0.005, "max_epochs": 7500, "batch_size": 5, "optimizer__weight_decay": 5e-05, "module__scl_embeds": true, "neg_multiple": 1, "user_embeds": "esm_rank_20", "item_embeds": null}