{"train_loss": 0.5253449845663886, "val_loss": 0.6836953197881614, "train_loss_curve": [0.7070677503613387, 0.6822541533691618, 0.6625929741481157, 0.6466484634775914, 0.633432750641174, 0.6222341620691397, 0.6125415552865239, 0.6039648713067601, 0.5962292210664274, 0.5891172687531101, 0.5824625242677817, 0.5761445438991785, 0.5700685562899018, 0.5641721426297607, 0.5583996243017499, 0.5527221365189269, 0.5471186471208809, 0.5415773023945673, 0.5361022148815505, 0.5306839194999108], "val_loss_curve": [0.7058933207066187, 0.7042291497156059, 0.7029694215956823, 0.7019763077611412, 0.701135930828837, 0.7003776587389566, 0.6996505172936233, 0.6989163496555426, 0.698161808830319, 0.6973547380426269, 0.6964899191072771, 0.6955529129727459, 0.6945362132746022, 0.6934418475433385, 0.6922589539092182, 0.6909994824088259, 0.6896692686008684, 0.6882612771226532, 0.686788626761981, 0.685262632189375], "fit_time": 3263.2318444661796, "hp_idx": 24, "split_idx": 0, "seed": 1234, "lr": 0.005, "max_epochs": 5000, "batch_size": 25, "optimizer__weight_decay": 0.0001, "module__n_factors": 10, "module__scl_embeds": true}