{"train_loss": 0.40255543947358785, "val_loss": 0.6425854460596622, "train_loss_curve": [0.6990762188995913, 0.6485309065221907, 0.6167945838891543, 0.5940822016248059, 0.5757618431861584, 0.5595713712118723, 0.5444704977087763, 0.5300527487323556, 0.5162080124819474, 0.5029757127756284, 0.49037817523473903, 0.47847690553098293, 0.46730107979063107, 0.4568418188320173, 0.44710075351602824, 0.4380648943371984, 0.4297149230689158, 0.42203411800322277, 0.41497119170524577, 0.4084884266614358], "val_loss_curve": [0.6951796314493429, 0.6942444286526542, 0.6935223079722754, 0.6924782781841093, 0.6909072006407471, 0.6887093009329476, 0.6859065692139605, 0.6826055676377328, 0.6789911656869989, 0.6752333722211287, 0.6714468314448112, 0.667733414102529, 0.6641662830682756, 0.6607732283927311, 0.6575658961480857, 0.6545719001837392, 0.6517930225243127, 0.6492085591233063, 0.6468208856336941, 0.6446216159084789], "fit_time": 6945.655705217272, "hp_idx": 14, "split_idx": 1, "seed": 1234, "lr": 0.005, "max_epochs": 5000, "batch_size": 10, "optimizer__weight_decay": 0.0001, "module__n_factors": 20, "module__scl_embeds": true}