{"train_loss": 0.34992119999449134, "val_loss": 0.6263318614283085, "train_loss_curve": [0.7054065399255806, 0.6211815041056267, 0.581561017280332, 0.552113893726095, 0.5251616853973087, 0.49981952807958324, 0.4766909019927318, 0.45615723756580373, 0.43826215233550425, 0.422879778805883, 0.40986287445663766, 0.3988258946095488, 0.38948179022655477, 0.3814974204522242, 0.3746894852602001, 0.3688868318099635, 0.36388368828851436, 0.3595878528628657, 0.3558876556664615, 0.3526901990804091], "val_loss_curve": [0.7078258823820484, 0.7005574769212372, 0.696555454761554, 0.6918955707883502, 0.6859810970949404, 0.6792102565159609, 0.6722733340896927, 0.6657181047684663, 0.6598513642530064, 0.6546721539366773, 0.6501961381702156, 0.6462776293774029, 0.6428558288754284, 0.6398513409849647, 0.6372181034553579, 0.6349240745350475, 0.6328472930825118, 0.6309668851760162, 0.6292541230440417, 0.6277180139001433], "fit_time": 12672.135888166726, "hp_idx": 0, "split_idx": 0, "seed": 1234, "lr": 0.005, "max_epochs": 5000, "batch_size": 5, "optimizer__weight_decay": 0.0001, "module__n_factors": 10, "module__scl_embeds": true}