{"train_loss": 0.3959042807489564, "val_loss": 0.6786476488045585, "train_loss_curve": [0.6983152641838802, 0.6742699601294555, 0.6531151502560346, 0.6340685740009054, 0.6165547553962205, 0.6001464112168982, 0.5845315477752185, 0.5694670438037052, 0.5547845474767796, 0.540374280012154, 0.5261679213224869, 0.5121295355121434, 0.4982493214986541, 0.4845345317970067, 0.47101237149019065, 0.45771770466700856, 0.44468558485031406, 0.4319562648915814, 0.4195537085108685, 0.40751837387177353], "val_loss_curve": [0.6989494875389591, 0.698494119893201, 0.6981533227280377, 0.6978576118419654, 0.6975607434528696, 0.6972155190203456, 0.6967960441131974, 0.6962772336809973, 0.6956420583334745, 0.6948717947077379, 0.6939562327046305, 0.6928929358296918, 0.6916875460954445, 0.690353030882173, 0.6888997904291018, 0.6873446826224395, 0.6857065698099347, 0.683997834873911, 0.6822353710686863, 0.6804428333223325], "fit_time": 2069.5324974432588, "hp_idx": 32, "split_idx": 1, "seed": 1234, "lr": 0.005, "max_epochs": 5000, "batch_size": 25, "optimizer__weight_decay": 5e-05, "module__n_factors": 20, "module__scl_embeds": true}