{"train_loss": 0.34118741983667233, "val_loss": 0.6283282300496434, "train_loss_curve": [1.8935334836374396, 0.2319249076215912, 0.16727760532038366, 0.17945212010953443, 0.2040668930185233, 0.23069031671033535, 0.25562212140577106, 0.2772860693456299, 0.2951226373806537, 0.30916959707255853, 0.31990102276563864, 0.32779513780304703, 0.33341673129288346, 0.33726345289452536, 0.33974958866431626, 0.3412493013503891, 0.3420353088954385, 0.3422873407623156, 0.3421616386313849, 0.3417713570272375], "val_loss_curve": [1.9586819635838757, 1.354475681928349, 1.0590981416282677, 0.8918617244436469, 0.798725917535923, 0.7465889127034964, 0.7159709061880212, 0.696695952079235, 0.6835383816963031, 0.6738621160770074, 0.666249419807832, 0.6599054795392465, 0.6545003713358254, 0.64978808654355, 0.6456365427458203, 0.6419729374192812, 0.6387181557141818, 0.6357445451311576, 0.633022829178191, 0.6305678043436337], "fit_time": 13504.982219640166, "hp_idx": 3, "split_idx": 0, "seed": 1234, "lr": 0.005, "max_epochs": 5000, "batch_size": 5, "optimizer__weight_decay": 0.0001, "module__n_factors": 20, "module__scl_embeds": false}