{"train_loss": 0.16531676818427993, "val_loss": 0.6001014435155825, "train_loss_curve": [0.6960232275700786, 0.5981358530485816, 0.5221635274159989, 0.45099255757388546, 0.387155400814502, 0.33439603576288546, 0.2931617917603728, 0.2618775209223065, 0.2384584392317805, 0.22096710445393658, 0.20786038004026933, 0.19794260941082767, 0.19033771815934947, 0.18443227945667348, 0.1797762166653988, 0.1760445682066572, 0.17302259563267106, 0.17054865156980237, 0.16849810403299847, 0.1667724842886167], "val_loss_curve": [0.6952995650279217, 0.6935083215886896, 0.688723062023972, 0.679839831826848, 0.6688390427675003, 0.6580635810440237, 0.6486214983748111, 0.6406483425300716, 0.6340461473538603, 0.6285247125408866, 0.6238809625828738, 0.619936321425688, 0.6165458144389944, 0.6135878205855132, 0.611012365747165, 0.6087345772950382, 0.6066889897735663, 0.6048217493441556, 0.6031165751161831, 0.6015487609209714], "fit_time": 11512.795467212796, "hp_idx": 10, "split_idx": 0, "seed": 1234, "lr": 0.005, "max_epochs": 5000, "batch_size": 5, "optimizer__weight_decay": 5e-05, "module__n_factors": 50, "module__scl_embeds": true}