{"train_loss": 0.2869466628247859, "val_loss": 0.673787216553877, "train_loss_curve": [3.183699403756369, 0.34832944469011784, 0.08969264833561036, 0.07193054422114273, 0.07490218754559859, 0.08356792183397922, 0.09502742463307215, 0.10831617192910473, 0.12279075984668276, 0.13808273596658271, 0.15381239862723015, 0.16971763313219634, 0.18549913814515884, 0.2009605734803844, 0.21588933950789077, 0.23010432634022332, 0.2434851034805196, 0.2559156899276828, 0.2673187697925999, 0.27767285967267846], "val_loss_curve": [2.951656900867299, 2.380256536019432, 1.9759203781892647, 1.6601246728069021, 1.4141626529968703, 1.2250683202054395, 1.0818844522351707, 0.9746540139466177, 0.8955940657006555, 0.8376151562292815, 0.7954404562503308, 0.7646338539523678, 0.7420920792159501, 0.7252790548584678, 0.7125114463703893, 0.7026000295902466, 0.6946933389682592, 0.6881761496022587, 0.6827041226806063, 0.6779516235098139], "fit_time": 9149.024048253894, "hp_idx": 17, "split_idx": 0, "seed": 1234, "lr": 0.005, "max_epochs": 5000, "batch_size": 10, "optimizer__weight_decay": 0.0001, "module__n_factors": 50, "module__scl_embeds": false}