{"train_loss": 0.37897136387687025, "val_loss": 0.5655295517608211, "train_loss_curve": [0.6987135550487623, 0.5973721254870366, 0.5641719940492878, 0.5436612312548601, 0.5266441621054384, 0.510955800004805, 0.49605157635786834, 0.48215385096111507, 0.4693745593207348, 0.45784688019360625, 0.4475716010093022, 0.43851577615765014, 0.4305690136976041, 0.42362499971566114, 0.41761150905215294, 0.41237943945183875, 0.4078151629855008, 0.4038219819417636, 0.4003103910576507, 0.39719735846134474, 0.3944581870024157, 0.39204240227380316, 0.38991631493741014, 0.38800088531290616, 0.386280492921302, 0.3847297257107858, 0.3833566421245878, 0.3821060710341848, 0.3809596036573373, 0.3799213795139565], "val_loss_curve": [0.6875741452603907, 0.6223144132669989, 0.6109349452532254, 0.6066845807579014, 0.6040698061143601, 0.6017519143911508, 0.5992432553972398, 0.5966239005223021, 0.5938898369774118, 0.5911545853124006, 0.5885681351711909, 0.5861106105539557, 0.5837745780086184, 0.5816552002712355, 0.5797614361960571, 0.5780606009847634, 0.5765421366566544, 0.5751534154755877, 0.5739064473346188, 0.5727997471454677, 0.5718284400271161, 0.5709362589734626, 0.5701294129753446, 0.5693625645725043, 0.5686493551397657, 0.5679908787532078, 0.5673921910095048, 0.5668546108437793, 0.5663717549580795, 0.5659362629733302], "fit_time": 18762.323055628687, "hp_idx": 0, "split_idx": 1, "seed": 1234, "lr": 0.005, "max_epochs": 7500, "batch_size": 5, "optimizer__weight_decay": 0.0001, "module__scl_embeds": true, "neg_multiple": 1, "user_embeds": "esm_rank_20", "item_embeds": null}