{"train_loss": 0.22252956734392748, "val_loss": 0.6468560806130107, "train_loss_curve": [0.7057543913801233, 0.649739059812817, 0.6071587604381543, 0.5706432794843799, 0.5367187183428478, 0.5039751007979288, 0.47213957008920904, 0.4414904316961071, 0.41248999046279, 0.38549157063583117, 0.360770215434489, 0.3384308940047151, 0.3184004665324182, 0.3005438447519616, 0.2846978960302604, 0.2707106888398424, 0.2584019845529592, 0.24758989798091785, 0.23810893173887457, 0.22979758693760646], "val_loss_curve": [0.7031423908676349, 0.7004052323043194, 0.698582430365592, 0.6967112883373028, 0.6943623467630149, 0.6913216549162265, 0.6876560448905364, 0.6835838397584837, 0.679339985465025, 0.6751509319654737, 0.6711905879917666, 0.6675394821150316, 0.6642059606392919, 0.6612212259220782, 0.6585150282542503, 0.656075427417684, 0.6538392498682751, 0.6518307373806657, 0.6499975951130947, 0.648340087040901], "fit_time": 6963.373091276735, "hp_idx": 18, "split_idx": 1, "seed": 1234, "lr": 0.005, "max_epochs": 5000, "batch_size": 10, "optimizer__weight_decay": 5e-05, "module__n_factors": 10, "module__scl_embeds": true}