{"train_loss": 0.3443183613059682, "val_loss": 0.6649638194113963, "train_loss_curve": [1.404600371708681, 0.6416053692604, 0.4061903432358951, 0.32796609240186797, 0.2992802778115639, 0.2892439284455248, 0.28754930446545285, 0.2899581236473886, 0.2944648836181436, 0.2999415922658149, 0.3057616626743948, 0.31152652636482997, 0.3170405596077859, 0.32215596752844766, 0.3268049853074523, 0.3309449542548273, 0.33455886662284257, 0.33765342128235143, 0.34028953327721373, 0.3425081701545449], "val_loss_curve": [1.4355627547182606, 1.1847955660265235, 1.043779263423578, 0.9506895669998059, 0.8844422716226131, 0.8356056548715833, 0.7991638634693486, 0.7717007882502229, 0.7505464466837187, 0.7341140770750965, 0.7211358174490579, 0.7106333220024491, 0.7020095755070566, 0.6948178080335089, 0.6887219677190454, 0.6834378595895827, 0.6788697378372474, 0.6747917006915753, 0.6711840151378563, 0.6679260633602707], "fit_time": 6942.993509672582, "hp_idx": 13, "split_idx": 1, "seed": 1234, "lr": 0.005, "max_epochs": 5000, "batch_size": 10, "optimizer__weight_decay": 0.0001, "module__n_factors": 10, "module__scl_embeds": false}