{"train_loss": 0.16652659353276927, "val_loss": 0.6036368765372946, "train_loss_curve": [0.697098029486505, 0.598532245605142, 0.5222546024755998, 0.4512335726848015, 0.3878022976098083, 0.33536421224509644, 0.2943113895788754, 0.26314539379833185, 0.2398040310625152, 0.22238201807776253, 0.2092964056801129, 0.19935639024145538, 0.19172807219318855, 0.18579430638493358, 0.18111912574454064, 0.17737471864999452, 0.174332083344008, 0.17182792638078992, 0.16974418607295116, 0.16799675790909982], "val_loss_curve": [0.6966780336427366, 0.6947491520155447, 0.6899714959226418, 0.6811966063412621, 0.6705296066055266, 0.660179533604615, 0.651036040742349, 0.6433395428670317, 0.6369604785268916, 0.6316410301830363, 0.6271252449915442, 0.6232716074896515, 0.6199483634444989, 0.6170749156923665, 0.6145223185965497, 0.6122291498033837, 0.6101666274785607, 0.6083011750777192, 0.6066140689635005, 0.6050600659585994], "fit_time": 10478.120262276381, "hp_idx": 10, "split_idx": 1, "seed": 1234, "lr": 0.005, "max_epochs": 5000, "batch_size": 5, "optimizer__weight_decay": 5e-05, "module__n_factors": 50, "module__scl_embeds": true}