{"train_loss": 0.19314507212971313, "val_loss": 0.4936174955045357, "train_loss_curve": [0.6961542320949733, 0.57029024382496, 0.5052607959725585, 0.450898454717952, 0.40196309561534366, 0.3592633685572327, 0.32401390990010853, 0.2959912556166441, 0.2742264089517216, 0.2575646937376562, 0.2448073674156734, 0.23498276395349502, 0.2273344264730635, 0.22130516892629898, 0.21650099478695667, 0.21261248323682636, 0.20944805824609414, 0.20683409489119137, 0.20465021862174965, 0.20281516721125561, 0.20125732587659376, 0.1999110052918191, 0.19874530556892211, 0.197732389546984, 0.1968447800639392, 0.19604778703957315, 0.19533924342589198, 0.1946951933362542, 0.19412572468851758, 0.193611945624747], "val_loss_curve": [0.6963321762485104, 0.6149668829354928, 0.59479929478991, 0.5825122010509868, 0.5719509954740117, 0.5623117459716497, 0.5536494028075036, 0.5459873307678667, 0.5394607347659853, 0.5338553143947413, 0.5290646198833044, 0.5250606125780752, 0.5215468305252093, 0.5184277732072872, 0.5156392245390615, 0.513209070836678, 0.5110259435393594, 0.5090351707165266, 0.5072352557436569, 0.5055887876013359, 0.5040931563112355, 0.5026982577044369, 0.5014318283647299, 0.5002304994716094, 0.4990983206023286, 0.4980065518108768, 0.49703642344297644, 0.49614057260063976, 0.4952613949636757, 0.49442020606136683], "fit_time": 31019.08676635474, "hp_idx": 0, "split_idx": 0, "seed": 1234, "n_splits": 5, "lr": 0.005, "max_epochs": 7500, "batch_size": 5, "optimizer__weight_decay": 5e-05, "module__scl_embeds": true, "neg_multiple": 1, "user_embeds": "esm_rank_20", "item_embeds": null}