{"train_loss": 0.12320949013902868, "val_loss": 0.872245635393478, "train_loss_curve": [3.359677479226828, 1.4634209226747423, 0.6140087201392456, 0.3105560763107313, 0.16090320683646694, 0.10050396437567848, 0.08456873019510286, 0.07636286405572941, 0.07327835058515549, 0.07352772135057406, 0.07549002674996574, 0.07841798370174352, 0.08200239308834041, 0.08610118038101353, 0.0905975681341021, 0.09542943889791872, 0.10056108491612481, 0.10593869544930391, 0.11153129045797255, 0.11731143917297913], "val_loss_curve": [2.8767840437578918, 2.6155056109181594, 2.4075249591666408, 2.2280888249335464, 2.066478575101458, 1.9199837390485412, 1.787310313138964, 1.6672809897991683, 1.5586233872804756, 1.4604687991259564, 1.3720736445858641, 1.292676415656602, 1.2214722675400531, 1.1578730471027456, 1.1009901913834441, 1.0503936674828906, 1.005473068653217, 0.9657032408964998, 0.9305289929689686, 0.8994622293205689], "fit_time": 4392.8472808636725, "hp_idx": 29, "split_idx": 1, "seed": 1234, "lr": 0.005, "max_epochs": 5000, "batch_size": 25, "optimizer__weight_decay": 0.0001, "module__n_factors": 50, "module__scl_embeds": false}