{"train_loss": 0.17849709563156613, "val_loss": 0.5266556550937516, "train_loss_curve": [0.6952983077891037, 0.5701905931000069, 0.5026614833365872, 0.4465906543083636, 0.3960939103746919, 0.35185984570697837, 0.315009049356015, 0.285594655523602, 0.2626996075805823, 0.24516097004348675, 0.2317374584605892, 0.22140785016238032, 0.2134016863102835, 0.20712999231210538, 0.2021512638853707, 0.19816204864863313, 0.19492497546707424, 0.1922689279224473, 0.19006047444621632, 0.18820806185389694, 0.18664045358953787, 0.18529412348535348, 0.184127269339772, 0.18310847071776712, 0.18221200948206878, 0.18141454341117058, 0.180702165683722, 0.18005840832337902, 0.17948265433960245, 0.17896382949307033], "val_loss_curve": [0.6940282996926275, 0.6164818406105042, 0.5977074250943594, 0.5882544941106043, 0.5812169328800865, 0.5751628089774322, 0.5697365310694371, 0.5648601847876619, 0.5606045029223798, 0.5568948122379663, 0.55367906719863, 0.5508782899306788, 0.5484241636899801, 0.5462969960188949, 0.5443482175729908, 0.5425736198683718, 0.5409450172804869, 0.5394410175772814, 0.5380844801560148, 0.5368316025714149, 0.5356585598856836, 0.5345585399105416, 0.5335071869455017, 0.5325085160198745, 0.5315654826825941, 0.5306745169072092, 0.5298158092280993, 0.528976050120863, 0.5281855418783176, 0.5274083735225917], "fit_time": 32353.01460880041, "hp_idx": 4, "split_idx": 0, "seed": 1234, "lr": 0.005, "max_epochs": 7500, "batch_size": 5, "optimizer__weight_decay": 5e-05, "module__scl_embeds": true, "neg_multiple": 1, "user_embeds": "esm_rank_50", "item_embeds": null}