{"train_loss": 0.18140189386715336, "val_loss": 0.5342112064908643, "train_loss_curve": [0.7067438438990709, 0.577316928996888, 0.5078858891985678, 0.4519965742985192, 0.40305343705298996, 0.360716814740979, 0.3251759121170055, 0.29621804909056604, 0.27311711173558656, 0.2549374681288576, 0.24073023139625335, 0.22960705832715197, 0.220848951043835, 0.21390813804314798, 0.20835883617088458, 0.20386379027211868, 0.2001781010908104, 0.19714742060213328, 0.19460498194208115, 0.19245863803777166, 0.19063230437764153, 0.1890603428135585, 0.18769884180628685, 0.1865261063588095, 0.18550708381226896, 0.1846056239548201, 0.1838036775256781, 0.1830930128591964, 0.18246649319482217, 0.1819076584354056], "val_loss_curve": [0.6952776335752927, 0.6198778341595943, 0.5968837524940084, 0.5846192669253666, 0.5763463323506025, 0.5701131540630664, 0.5651370488055103, 0.5611815838911733, 0.5579412063466502, 0.5551657271473767, 0.5528045497001051, 0.5507933743350155, 0.5489742516741886, 0.5474197102150509, 0.5460439325421007, 0.5448536098237846, 0.5437794573266398, 0.5427883168669431, 0.5418351573960765, 0.5409605115964696, 0.5401429978257918, 0.5393898706831091, 0.5387079779683919, 0.5380992519480365, 0.5375197051236262, 0.5369377758067387, 0.5363692926516482, 0.535802725246632, 0.5352393139831044, 0.5347034343993747], "fit_time": 16636.75171456486, "hp_idx": 0, "split_idx": 0, "seed": 1234, "lr": 0.005, "max_epochs": 7500, "batch_size": 5, "optimizer__weight_decay": 5e-05, "module__scl_embeds": true, "neg_multiple": 1, "user_embeds": "esm_rank_10", "item_embeds": null}