{"train_loss": 0.05020207190642846, "val_loss": 0.5175349085845731, "train_loss_curve": [0.694923507998427, 0.5527839780786609, 0.45287041452474414, 0.35980245627855, 0.277104713162106, 0.21199129368053968, 0.16518678220940294, 0.1329192774128322, 0.11085613352406336, 0.09559710180667975, 0.08486316561592086, 0.07715716486505891, 0.07150865496794313, 0.06729133068944612, 0.0640684411191538, 0.06155967015465603, 0.05957148204997122, 0.05797425125098443, 0.05667172514881224, 0.05559742253327139, 0.05469966378544339, 0.053932911056219425, 0.053275739788601326, 0.052707816540255616, 0.05221426676115903, 0.051781318376981036, 0.05139911861565537, 0.0510574995813177, 0.050745710832169263, 0.05046076090766362], "val_loss_curve": [0.6941337960583347, 0.6032113298461154, 0.5797698332087977, 0.5701161608021784, 0.5636551943770447, 0.5581219948541659, 0.5534038839933391, 0.5493483467652769, 0.545919166259155, 0.5428964189918047, 0.5402662698081793, 0.5379911222612368, 0.5360073050536163, 0.534231476335936, 0.5325684258128172, 0.5310080410827968, 0.529587414776711, 0.5283024337930748, 0.5271251622711185, 0.5260345061192406, 0.5250215922853538, 0.5240555460812276, 0.5231520207273168, 0.5222865588950006, 0.5214641351526329, 0.5206923140929296, 0.5199825917663691, 0.519339061491973, 0.5187350202911905, 0.5181312542669214], "fit_time": 31023.096787922084, "hp_idx": 8, "split_idx": 1, "seed": 1234, "lr": 0.005, "max_epochs": 7500, "batch_size": 5, "optimizer__weight_decay": 1e-05, "module__scl_embeds": true, "neg_multiple": 1, "user_embeds": "esm_rank_100", "item_embeds": null}