{"train_loss": 0.20440956007142166, "val_loss": 0.7833896883858699, "train_loss_curve": [1.9083425789237856, 1.092341249789131, 0.6471426312123493, 0.4129977561576869, 0.2935687745085511, 0.2325245513643696, 0.20031745864256417, 0.18282508961899782, 0.1733999858612503, 0.1687326313610816, 0.16705779202438734, 0.16740797660237564, 0.169164977279559, 0.17193062890468638, 0.17544582612282816, 0.17952331634876612, 0.18401220435654367, 0.18881460305711467, 0.1938681173071022, 0.19909768192952884], "val_loss_curve": [1.8595726473066294, 1.6976152731283307, 1.571733092116598, 1.4685071385470991, 1.3804591778942854, 1.303253458718593, 1.234548797708037, 1.1732354356876258, 1.118357223462714, 1.0693088710294179, 1.025603939156122, 0.9866388093816508, 0.9519179005755164, 0.92095505414406, 0.8934829171289234, 0.8691628616599387, 0.8476158942229044, 0.8285401106631181, 0.8116588080699251, 0.7966651727642372], "fit_time": 3476.553151078522, "hp_idx": 27, "split_idx": 1, "seed": 1234, "lr": 0.005, "max_epochs": 5000, "batch_size": 25, "optimizer__weight_decay": 0.0001, "module__n_factors": 20, "module__scl_embeds": false}