{"train_loss": 0.20931599870984094, "val_loss": 0.6290003798396527, "train_loss_curve": [0.696121849866458, 0.6416342655817667, 0.598029979320117, 0.5591141801752967, 0.5220451998960721, 0.4859262145621515, 0.4510241513138329, 0.41801904141902924, 0.38751256882727564, 0.35985701439125, 0.3351390286411717, 0.313310962821637, 0.2941898750814247, 0.27752919053975794, 0.26308462317242765, 0.2505956272527332, 0.23979449654236817, 0.23045905148024326, 0.222375709659014, 0.21537176891293003], "val_loss_curve": [0.6975169121510334, 0.6970507385542298, 0.6963077329010584, 0.6948218098551723, 0.6923099127397251, 0.6886956013146746, 0.6841354007402982, 0.6789833583401533, 0.6735939200620992, 0.6682567156731429, 0.6631426420431922, 0.6583261553655835, 0.6538623135443973, 0.6497395927740939, 0.6459562678969692, 0.6425061388765079, 0.6393499193588429, 0.6364418112000376, 0.6337484792552369, 0.6312690717436323], "fit_time": 7178.728105161339, "hp_idx": 22, "split_idx": 1, "seed": 1234, "lr": 0.005, "max_epochs": 5000, "batch_size": 10, "optimizer__weight_decay": 5e-05, "module__n_factors": 50, "module__scl_embeds": true}