{"train_loss": 0.3763435416276648, "val_loss": 0.5684441018823561, "train_loss_curve": [0.6936023315519986, 0.5926352622240526, 0.5600723668471732, 0.5399936274968155, 0.5233010223412518, 0.5078125366523228, 0.49309881545067835, 0.4792668778442132, 0.4664914684474708, 0.45490477099418014, 0.4445939323200298, 0.4354961645636531, 0.42753368079750914, 0.4205950905985298, 0.41455907981584156, 0.40931988835548433, 0.40476837157056683, 0.40078842957409805, 0.3972945672703031, 0.3942364701979392, 0.391534274451475, 0.38914798395025874, 0.3870368676286495, 0.3851564130591938, 0.383472424777608, 0.3819612940748289, 0.38060334008522523, 0.3793720880988741, 0.3782642682150207, 0.37725953584493593], "val_loss_curve": [0.6958006513077062, 0.6284060330240877, 0.6169715000616087, 0.6124722515265425, 0.6097407470216284, 0.6074635157739365, 0.6051192152854445, 0.6025828310920225, 0.5999014100151046, 0.597184854032068, 0.5944968336945647, 0.5919439713438074, 0.589557936089439, 0.5873350779805984, 0.5853133248490887, 0.5834631540298045, 0.5817693666769908, 0.5802036843464508, 0.5787860386177793, 0.5774920380876197, 0.5763001943957973, 0.5752017271372821, 0.5741884418717631, 0.5732525072835543, 0.5723925291762485, 0.571597633193006, 0.5708716601602264, 0.5701921110178207, 0.5695642253214662, 0.5689833692007965], "fit_time": 41467.262680049986, "hp_idx": 2, "split_idx": 0, "seed": 1234, "lr": 0.005, "max_epochs": 7500, "batch_size": 5, "optimizer__weight_decay": 0.0001, "module__scl_embeds": true, "neg_multiple": 1, "user_embeds": "esm_rank_100", "item_embeds": null}