{"train_loss": 0.1930035244948694, "val_loss": 0.49080913918557423, "train_loss_curve": [0.6990429346057359, 0.6069982590293044, 0.5371361294562904, 0.469026394942907, 0.4083671372350722, 0.3585323597527481, 0.3197268881001426, 0.29041067823717726, 0.2685643745944258, 0.2523853083567388, 0.24026639658578297, 0.23106690571005206, 0.22398214393546262, 0.21845704630618712, 0.21409356876345778, 0.2105830113639485, 0.20772589985989592, 0.20535926144224342, 0.20339497524995803, 0.20174307142304693, 0.20033214567982296, 0.19912098837427716, 0.19808040031031238, 0.19716673569313278, 0.19635379239569403, 0.19562678116044097, 0.19498080771476678, 0.1944024129995283, 0.1938911635055758, 0.1934267836741633], "val_loss_curve": [0.699271895703458, 0.6935189922789594, 0.6772925390542804, 0.650911223864083, 0.6237150772641866, 0.6002097852215483, 0.5812937714472101, 0.5663819523454408, 0.5546472024146494, 0.545448452112697, 0.5379695383210977, 0.5318570280738505, 0.5267375930275394, 0.5224170462946931, 0.5186774028695269, 0.5154341455366644, 0.5125842927010743, 0.5099840322487699, 0.5076403880713286, 0.5055641102189923, 0.5036883724284617, 0.5019841745391592, 0.5003924918619347, 0.49887364002548173, 0.49744507041705516, 0.4961491057297567, 0.4949417515356085, 0.4938609817592831, 0.4928187643262473, 0.4917938903990117], "fit_time": 24045.874953286722, "hp_idx": 0, "split_idx": 3, "seed": 1234, "n_splits": 5, "lr": 0.005, "max_epochs": 7500, "batch_size": 5, "optimizer__weight_decay": 5e-05, "module__scl_embeds": true, "module__n_factors": 20, "neg_multiple": 1, "user_embeds": null, "item_embeds": null}