{"train_loss": 0.17883791681558212, "val_loss": 0.5227229435361557, "train_loss_curve": [0.6948085087363715, 0.5725722771973684, 0.5055434692101913, 0.44943169420896073, 0.3986583275733179, 0.3539155025147833, 0.31656435703945696, 0.2867292572209564, 0.26357484637028605, 0.24584227019354563, 0.2323092697062866, 0.22192073948935395, 0.21386611312210904, 0.20756708712823993, 0.20257572043758107, 0.19856289248574152, 0.19530129705284272, 0.19261626218997488, 0.19038826646617105, 0.1885100652537504, 0.18691397684346672, 0.1855554515373761, 0.18438314660487318, 0.18337174861304806, 0.18247786944972758, 0.18168458956616035, 0.1809840791792454, 0.18035727302773596, 0.1797946566980626, 0.17929140912066976], "val_loss_curve": [0.6927971439761715, 0.6125312881036238, 0.5918362653599336, 0.5812153672421729, 0.5735279933347569, 0.5670870602704011, 0.5615477169753162, 0.5567266438937896, 0.552622279002481, 0.5491406537097442, 0.5462161441743895, 0.5436972046166763, 0.541483331614962, 0.5395301831625663, 0.5377796905024068, 0.5362040047644527, 0.5347914524454546, 0.5335067013291629, 0.5323226909329007, 0.5311946311014724, 0.5301499038387637, 0.5292014109973724, 0.5283258734596568, 0.5275059563817678, 0.5267177857849357, 0.525960637282554, 0.5252387296747077, 0.5245579758046807, 0.5239133492268465, 0.5233077644207678], "fit_time": 34216.68783870526, "hp_idx": 4, "split_idx": 1, "seed": 1234, "lr": 0.005, "max_epochs": 7500, "batch_size": 5, "optimizer__weight_decay": 5e-05, "module__scl_embeds": true, "neg_multiple": 1, "user_embeds": "esm_rank_50", "item_embeds": null}