{"train_loss": 0.3768305752778074, "val_loss": 0.5622566649758678, "train_loss_curve": [0.6949153011339111, 0.5944665113685431, 0.5626409991768065, 0.5431480899948132, 0.526806574484164, 0.5114099530021211, 0.4965540925887498, 0.4823955890911442, 0.46925224778665736, 0.45730978085731083, 0.4466342727777424, 0.43725079185348914, 0.42904911166825493, 0.4219231406695672, 0.4157418657901821, 0.4103786955633155, 0.40572329185955175, 0.4016549338332631, 0.3980958051132885, 0.3949915143381153, 0.39226479509233175, 0.38985744739355116, 0.38772724093413435, 0.3858286460627105, 0.38412796246812686, 0.3825957295843042, 0.38120983675825637, 0.37995799250536033, 0.378817548630173, 0.3777790452920265], "val_loss_curve": [0.6971113659485774, 0.6280620984365657, 0.6157791214666404, 0.6106672637547677, 0.6073457955448892, 0.6044116812273104, 0.6013946941564783, 0.5981871227975823, 0.594914636320274, 0.5916688336634728, 0.5885529965110157, 0.5856740063264179, 0.5830050497548737, 0.5805951138399997, 0.5784228691149108, 0.5764816072113075, 0.5747375822423763, 0.5731890532166943, 0.5718025016373961, 0.5705503400502483, 0.569428414955928, 0.5684092839454679, 0.5674791224366011, 0.5666277955966047, 0.5658529905192541, 0.565146378336273, 0.5644874104349794, 0.5638663796131408, 0.5632887739491405, 0.5627543933170999], "fit_time": 41232.080896731466, "hp_idx": 2, "split_idx": 2, "seed": 1234, "lr": 0.005, "max_epochs": 7500, "batch_size": 5, "optimizer__weight_decay": 0.0001, "module__scl_embeds": true, "neg_multiple": 1, "user_embeds": "esm_rank_100", "item_embeds": null}