{"train_loss": 0.17796071052608592, "val_loss": 0.5282812051970017, "train_loss_curve": [0.6941968724170667, 0.5694926925437354, 0.5024857453364846, 0.446569151377778, 0.39590310427818, 0.3513943780592051, 0.31429611118570616, 0.28466907062690394, 0.26169992114258805, 0.24415297554175658, 0.23081405620359524, 0.22059361856026258, 0.2126675878175438, 0.20645983310484411, 0.20152934115236093, 0.19756240286695143, 0.19433986379898996, 0.191684773290495, 0.18947074345985082, 0.18760872239282464, 0.18602483120309993, 0.18466574569516278, 0.1834947398636887, 0.1824782992397067, 0.1815839789489919, 0.18079446498868057, 0.1800930436064176, 0.17947331861424934, 0.1789193325341373, 0.1784163714139158], "val_loss_curve": [0.6957446861933995, 0.6175474894942937, 0.5994070851198443, 0.5903875329434038, 0.5836977908140296, 0.5778565858262819, 0.5725030026079475, 0.5676281299520206, 0.5633239350379347, 0.5596159346974813, 0.5563771258909386, 0.5535180288126001, 0.5509957286131966, 0.5487441911616109, 0.5467330029012857, 0.544915120332287, 0.5432682668438533, 0.5417406153246448, 0.5403096826056709, 0.5389758782995331, 0.5377299747319071, 0.5365600935932431, 0.5354365960310598, 0.534354371780699, 0.5333333361008159, 0.532371103516096, 0.5314735958574118, 0.5306258143114668, 0.5298146922662333, 0.5290316209926472], "fit_time": 33313.66984707117, "hp_idx": 5, "split_idx": 0, "seed": 1234, "lr": 0.005, "max_epochs": 7500, "batch_size": 5, "optimizer__weight_decay": 5e-05, "module__scl_embeds": true, "neg_multiple": 1, "user_embeds": "esm_rank_100", "item_embeds": null}