{"train_loss": 0.2122358368962871, "val_loss": 0.6424236634533445, "train_loss_curve": [0.6987794687153716, 0.6439488167444791, 0.6008995330453225, 0.5630505052333279, 0.5272731199759819, 0.4923927272830873, 0.45843713780082057, 0.4260006351719983, 0.39568768647006686, 0.36793334351661017, 0.3429286276704922, 0.3206704538111421, 0.3010237754975535, 0.28380436918748847, 0.2687899975037069, 0.25574352567736214, 0.24441506887168754, 0.23458576997653896, 0.22605056093133227, 0.21864404607677992], "val_loss_curve": [0.7009196895541567, 0.7000900715381115, 0.6993717412292818, 0.6982252186550683, 0.696351402567261, 0.6936007269890436, 0.6899883566480695, 0.6857406572028474, 0.6811969687332918, 0.6766331944710169, 0.6722142892283993, 0.6680463485784464, 0.6641734779436828, 0.6606099615980695, 0.6573225325776703, 0.6542877295773069, 0.6514823449241531, 0.6489050821824507, 0.6465478265757884, 0.6443914832212986], "fit_time": 7475.455347348005, "hp_idx": 20, "split_idx": 0, "seed": 1234, "lr": 0.005, "max_epochs": 5000, "batch_size": 10, "optimizer__weight_decay": 5e-05, "module__n_factors": 20, "module__scl_embeds": true}