{"train_loss": 1.9128514681779942, "val_loss": 1.789875791326358, "train_loss_curve": [1.923635802361984], "val_loss_curve": [1.7922846697956252], "fit_time": 1.8350685723125935, "hp_idx": 0, "split_idx": 2, "seed": 1234, "lr": 0.005, "max_epochs": 2, "batch_size": 10, "optimizer__weight_decay": 0.0001, "module__n_factors": 20, "module__scl_embeds": false}