{"train_loss": 0.16670430462051938, "val_loss": 0.6689386745486179, "train_loss_curve": [1.420389567219624, 0.38408344765226327, 0.22512145265328995, 0.18126288106521735, 0.1640149911427067, 0.15696068415483394, 0.15461267800979958, 0.15463764687657078, 0.1558572018132621, 0.15753388700090645, 0.15933131836875752, 0.16102465447950196, 0.16253469797124812, 0.16384062707198388, 0.1648834632462138, 0.16568838397262398, 0.1662633938276337, 0.16660145483476854, 0.16676325882005663, 0.16678360248709614], "val_loss_curve": [1.4108132430134912, 1.1639690406795953, 1.0585889455324482, 0.9829298001478451, 0.9232126085782946, 0.8756367507362233, 0.8374360105803197, 0.80686120041658, 0.782460371742412, 0.7625492432958793, 0.7460473790038685, 0.7323782432986795, 0.7208567102504627, 0.7109082316804749, 0.7023810008399607, 0.6949251414971297, 0.6883753756281379, 0.682616797825428, 0.677525939516711, 0.6729619051157164], "fit_time": 12219.734760820866, "hp_idx": 7, "split_idx": 1, "seed": 1234, "lr": 0.005, "max_epochs": 5000, "batch_size": 5, "optimizer__weight_decay": 5e-05, "module__n_factors": 10, "module__scl_embeds": false}