{"train_loss": 0.3969464743100359, "val_loss": 0.6810578241909578, "train_loss_curve": [0.6997632910027374, 0.6757173389161654, 0.6545878581530733, 0.6355885171367728, 0.6181413656550984, 0.601819590870165, 0.5862977616063335, 0.5713240016772075, 0.5567262150159622, 0.5423845937555904, 0.5282269763139459, 0.5142077076376721, 0.5003110255840206, 0.4865497377045117, 0.472956835347651, 0.45956458756863017, 0.44640461893048244, 0.433513654333401, 0.4209463388829951, 0.408732334804159], "val_loss_curve": [0.7008395392994781, 0.7003200589776872, 0.6999352529193416, 0.6996147019879801, 0.6993031690031777, 0.6989566985960607, 0.6985451625638353, 0.6980492999225786, 0.6974464601431137, 0.6967181912807874, 0.6958472258422203, 0.6948442709195864, 0.6937032451718559, 0.69243741077143, 0.6910539757816386, 0.6895657017792299, 0.6879856865722817, 0.6863303422094225, 0.6846138827311687, 0.6828444266652728], "fit_time": 2372.3081565462053, "hp_idx": 32, "split_idx": 0, "seed": 1234, "lr": 0.005, "max_epochs": 5000, "batch_size": 25, "optimizer__weight_decay": 5e-05, "module__n_factors": 20, "module__scl_embeds": true}