{"train_loss": 0.17994183817735085, "val_loss": 0.5143275778192079, "train_loss_curve": [0.69892126465073, 0.5740013805485064, 0.5070218903800616, 0.4515001502317878, 0.4014343903237185, 0.3573803476715734, 0.32042384879350977, 0.29067894049522863, 0.2673499439484798, 0.24931171837008811, 0.2354482170357206, 0.2247704354381853, 0.21647807179422646, 0.2099812342068897, 0.20483446665681326, 0.20068611784258505, 0.19732602487051196, 0.19454488707901715, 0.19220697590299732, 0.19023144320369914, 0.18855763481395854, 0.18712662245062264, 0.18588365222672587, 0.18480504326965216, 0.18386132109232925, 0.18302476914417182, 0.1822827136293835, 0.18161665914267613, 0.18100868397346742, 0.1804511481407587], "val_loss_curve": [0.6973320324548519, 0.6169019799292526, 0.5946318471596432, 0.5821011146545494, 0.5724724429382982, 0.5641952750461007, 0.5570921119447144, 0.5510763097873681, 0.5461087949618296, 0.5420197225864761, 0.5386596495150769, 0.535887936524325, 0.533550595556493, 0.5314793788514257, 0.5296486999165891, 0.5280256474083769, 0.5265670460279107, 0.5252309998991858, 0.5239715262225935, 0.5228522815704137, 0.5218176244360327, 0.5208611689109242, 0.5199651971547993, 0.5190906801703052, 0.5182678443114213, 0.5175214320937209, 0.5168236802198871, 0.5161838476689765, 0.5155401755646836, 0.5149225091555811], "fit_time": 23491.127946892753, "hp_idx": 3, "split_idx": 2, "seed": 1234, "lr": 0.005, "max_epochs": 7500, "batch_size": 5, "optimizer__weight_decay": 5e-05, "module__scl_embeds": true, "neg_multiple": 1, "user_embeds": "esm_rank_20", "item_embeds": null}