{"train_loss": 0.340505629863028, "val_loss": 0.630351153686469, "train_loss_curve": [3.25760632976557, 0.10184351420794338, 0.07500739292671357, 0.09499129175872312, 0.12265161236917035, 0.15362159129667322, 0.18525980519099122, 0.2156500096631984, 0.243287876404702, 0.2671446501183799, 0.28685472532498807, 0.3024902763112243, 0.31446661342410503, 0.32334445617914087, 0.3297608903524314, 0.33422647389144877, 0.3372022924872233, 0.33903348750759876, 0.340060133034462, 0.340503104234331], "val_loss_curve": [2.8560102671023353, 1.9239797216876995, 1.3809011510045794, 1.0603218745692071, 0.8814073418612247, 0.7861761633298058, 0.7359843397196079, 0.7085140829250252, 0.6920560220460514, 0.6810293144140488, 0.6727297295987745, 0.665987349091432, 0.6602062165459275, 0.6550861282017959, 0.6504730827811159, 0.6463022085128131, 0.6425265716019766, 0.6390893761164103, 0.6359378555160025, 0.6330320501487294], "fit_time": 16905.23755935952, "hp_idx": 5, "split_idx": 0, "seed": 1234, "lr": 0.005, "max_epochs": 5000, "batch_size": 5, "optimizer__weight_decay": 0.0001, "module__n_factors": 50, "module__scl_embeds": false}