{"train_loss": 0.19139682878642442, "val_loss": 0.47823671553468566, "train_loss_curve": [0.6955576596655698, 0.5711966775626917, 0.5079158653878544, 0.4539675045495805, 0.40407089222578596, 0.3598379622124535, 0.3230438616592437, 0.29388883498134766, 0.2715053843846653, 0.2545528440776396, 0.2417056110073185, 0.23192034732270334, 0.22438499998759331, 0.2185046820551817, 0.2138515267801191, 0.21010914315428317, 0.20707762028016843, 0.2045779352207692, 0.20249556212214914, 0.2007421075273088, 0.1992428360093333, 0.1979473126717867, 0.19681835997445912, 0.19583572709329408, 0.1949656123392032, 0.19419475888077925, 0.19351017355565026, 0.19290212474357432, 0.1923536939594226, 0.19185222333214638], "val_loss_curve": [0.6935374781967252, 0.6104922391930405, 0.5910180093769429, 0.5785191586952515, 0.5670407886234039, 0.5561011204219073, 0.5459443887277525, 0.5368789824122243, 0.5291510403330055, 0.5226057475492488, 0.5170401814380123, 0.5123446226206883, 0.5083489129998594, 0.5048778637070698, 0.5018249004210397, 0.49912799938253344, 0.496769174194892, 0.49466761399288567, 0.492751037457594, 0.49101978362301696, 0.4894112801673461, 0.4879247361995041, 0.4865347794297833, 0.4852377188449003, 0.4840474006646576, 0.48292862808565357, 0.48188468596678086, 0.480887796284506, 0.47994257388066275, 0.4790577914554941], "fit_time": 53960.17715905979, "hp_idx": 2, "split_idx": 4, "seed": 1234, "n_splits": 5, "lr": 0.005, "max_epochs": 7500, "batch_size": 5, "optimizer__weight_decay": 5e-05, "module__scl_embeds": true, "neg_multiple": 1, "user_embeds": "esm_rank_100", "item_embeds": null}