{"train_loss": 0.09172856707997076, "val_loss": 0.7998295169332367, "train_loss_curve": [3.4508285985512175, 0.49820112172791275, 0.1699758800288185, 0.08694162116663721, 0.04549447987832287, 0.04017330402033705, 0.03929223377960257, 0.04088282195938498, 0.04334372414224324, 0.04631345225534995, 0.04961217141986644, 0.053162769422953046, 0.05694741327259112, 0.06094440994326066, 0.06514158940924634, 0.06948222761930745, 0.07389938373333176, 0.07835600353337913, 0.08281677581090198, 0.08728578435176734], "val_loss_curve": [2.845831331186917, 2.5437653249516075, 2.3190187093886463, 2.1187208303552127, 1.939989141720436, 1.7805881889966817, 1.6387603622285913, 1.5131946434994121, 1.4028959624764525, 1.3060715316614626, 1.2214117164447869, 1.1473990633632198, 1.082881032517462, 1.0266945904646165, 0.9782149308906013, 0.9364968165234252, 0.900501552439514, 0.8695163721249098, 0.842727628829596, 0.8196434737085463], "fit_time": 7075.909974131733, "hp_idx": 23, "split_idx": 0, "seed": 1234, "lr": 0.005, "max_epochs": 5000, "batch_size": 10, "optimizer__weight_decay": 5e-05, "module__n_factors": 50, "module__scl_embeds": false}