{"train_loss": 0.19368626586099538, "val_loss": 0.4870201962020917, "train_loss_curve": [0.6975579312890573, 0.5729663281803418, 0.5087760001905159, 0.455083435480299, 0.40627903831599144, 0.3633520768193519, 0.3275177187128767, 0.2988017983864882, 0.2764571697571813, 0.25926713581461175, 0.24613750405890783, 0.23608046001371344, 0.2283065508001837, 0.22217478442127808, 0.21728775117659765, 0.2133525680763093, 0.2101391910150719, 0.20748811772571663, 0.20527588376487968, 0.20339851907904827, 0.20180714633313088, 0.20045829633758086, 0.1992921434862871, 0.19828010891590925, 0.19739089887271674, 0.1966001801035346, 0.1958957662072853, 0.19525019631590942, 0.19466535553920206, 0.19414524465927435], "val_loss_curve": [0.6947923641313206, 0.6094632166631017, 0.5873738304127902, 0.5742563197784352, 0.5632649974372143, 0.5534019713704681, 0.544678725901392, 0.5371668551829242, 0.5307485614501652, 0.5254581502328316, 0.5209529751473234, 0.51714516221817, 0.5138206711572992, 0.5108884381594914, 0.5083251400331864, 0.5060559032324241, 0.5040072029443471, 0.5021221994841363, 0.5004568584871181, 0.49893904273291845, 0.4975201182006609, 0.49621175724518046, 0.49499752375976747, 0.4938131030127927, 0.492664657936959, 0.49158709180174454, 0.4905860960170939, 0.4896088283821628, 0.48867572951271676, 0.48781145714865976], "fit_time": 31253.592663425952, "hp_idx": 0, "split_idx": 1, "seed": 1234, "n_splits": 5, "lr": 0.005, "max_epochs": 7500, "batch_size": 5, "optimizer__weight_decay": 5e-05, "module__scl_embeds": true, "neg_multiple": 1, "user_embeds": "esm_rank_20", "item_embeds": null}