{"train_loss": 0.05045854333562776, "val_loss": 0.5648452036369306, "train_loss_curve": [0.6989587753839188, 0.5526162145395841, 0.4507508592800278, 0.35859640141319493, 0.27832329528047023, 0.21502204561284588, 0.1688863578721331, 0.13649713890348558, 0.11391213036028786, 0.0980781606354717, 0.08686798267782354, 0.07878062235001584, 0.07283894606485043, 0.06836454188482112, 0.06492404498858174, 0.062240747422075006, 0.06012674288644743, 0.05843803220957617, 0.05707411869381989, 0.055963068951685374, 0.05503287341596807, 0.05425021314837493, 0.0535832937009871, 0.05300259628939105, 0.052493281292964065, 0.05205347990328265, 0.05166461000544356, 0.051315451786703714, 0.051004524243704705, 0.050720810244508995], "val_loss_curve": [0.7082673762436513, 0.6190145125130674, 0.5951136195107357, 0.5868442666072112, 0.5837084066800096, 0.582578204871787, 0.5822878286659301, 0.5821697151457722, 0.5819946741229379, 0.5818471092261843, 0.5815490579975027, 0.5810929280542931, 0.5804302174063933, 0.5795953878742102, 0.5786448680124916, 0.5777201608305315, 0.5767398478554471, 0.575745219475479, 0.5747082948788896, 0.5736534533813804, 0.5726731515496032, 0.5717496342917944, 0.5708441799571673, 0.5700238730589097, 0.5691715660863198, 0.5683049019686617, 0.567493767399419, 0.5667504026209349, 0.5660804812828978, 0.5654668863602244], "fit_time": 17982.902691096067, "hp_idx": 6, "split_idx": 0, "seed": 1234, "lr": 0.005, "max_epochs": 7500, "batch_size": 5, "optimizer__weight_decay": 1e-05, "module__scl_embeds": true, "neg_multiple": 1, "user_embeds": "esm_rank_20", "item_embeds": null}