{"train_loss": 0.05017547986712317, "val_loss": 0.542526198010501, "train_loss_curve": [0.6937683115765898, 0.5496340252642741, 0.44922718411195234, 0.35636870084390043, 0.2742540547345762, 0.20988870987352384, 0.16374763451721164, 0.13195177399255187, 0.11020423537750441, 0.0951576524930836, 0.08455394648183558, 0.07693517763701106, 0.07134497174441105, 0.06716635810857152, 0.06397701306231118, 0.061495914808398756, 0.05952014100695041, 0.05792075082184859, 0.05661235606969758, 0.05553663739666517, 0.05463977080961508, 0.05387793055960746, 0.05322636718972332, 0.052660682178873514, 0.05216948096748701, 0.051731860585944554, 0.05134812336819564, 0.05100660608284414, 0.05070055458120823, 0.05042512169846144], "val_loss_curve": [0.6934195941353177, 0.6096729026599363, 0.5908517160198905, 0.5851079610573662, 0.5819574135218883, 0.5791068421741883, 0.5764560596431261, 0.5740012828573272, 0.5717454774018663, 0.5696358021765531, 0.5676071295006708, 0.5656983383468814, 0.5639903251133807, 0.5624070893386965, 0.5608609336903775, 0.559268032623963, 0.5577337637582754, 0.5562237597793549, 0.5547875188408302, 0.5534577432537934, 0.5522414264953012, 0.5510760473829883, 0.549964076976155, 0.5488869580472787, 0.5478628166606063, 0.5468747551924178, 0.5459338941748118, 0.5450404186674452, 0.5441684444089765, 0.5433333270720668], "fit_time": 31307.587914705276, "hp_idx": 8, "split_idx": 0, "seed": 1234, "lr": 0.005, "max_epochs": 7500, "batch_size": 5, "optimizer__weight_decay": 1e-05, "module__scl_embeds": true, "neg_multiple": 1, "user_embeds": "esm_rank_100", "item_embeds": null}