{"train_loss": 0.35127644159229765, "val_loss": 0.6210186791867469, "train_loss_curve": [0.7038991935116984, 0.6193418347717443, 0.5792522416699738, 0.5494318591270135, 0.5226449035194926, 0.49804030013181666, 0.4758905158106819, 0.4561938761900633, 0.4388782749677594, 0.4239307756607349, 0.411114757025228, 0.4001483953186682, 0.3908120204449256, 0.38289238752185045, 0.3761397961153712, 0.37035323665553316, 0.3653388946275889, 0.3610345373030031, 0.357296094802015, 0.35406842689726736], "val_loss_curve": [0.7085044004334022, 0.7006518922921632, 0.6955322263457053, 0.6894978320829294, 0.6822930786139372, 0.6746569065592956, 0.6673013342305146, 0.660565239298063, 0.6545676733402973, 0.6492834726735467, 0.6446974106874742, 0.6407084821278911, 0.6372139591816617, 0.6342065875472986, 0.6315940626749044, 0.629312990532524, 0.6272725861482227, 0.6254477259106057, 0.6238312865156871, 0.6223540553668074], "fit_time": 12367.473337907344, "hp_idx": 0, "split_idx": 1, "seed": 1234, "lr": 0.005, "max_epochs": 5000, "batch_size": 5, "optimizer__weight_decay": 0.0001, "module__n_factors": 10, "module__scl_embeds": true}