{"train_loss": 0.19229617406784158, "val_loss": 0.5037472253374425, "train_loss_curve": [0.6996854685206777, 0.6074124423478412, 0.5371268970926302, 0.4683789524078612, 0.4071713086273551, 0.3573133111994485, 0.31869230714142016, 0.2895189803286369, 0.26774601882092114, 0.25158360014944664, 0.2394627515439926, 0.23030399069413662, 0.22325827866417056, 0.21776029461828939, 0.21341068619563927, 0.20990039695786541, 0.20707034349547918, 0.20474856086786383, 0.20281072707015452, 0.20115890616419954, 0.1997565973963158, 0.19855714885621903, 0.19750786372778645, 0.19658452557335004, 0.19577433646667564, 0.1950447755967122, 0.19438243361683102, 0.19377674139481357, 0.19322757110918087, 0.1927378811636967], "val_loss_curve": [0.699428783638494, 0.6943123045014891, 0.6790295332531273, 0.6548348547834338, 0.6298518966718432, 0.608043897106792, 0.59035655736298, 0.57631721920692, 0.5652240556436818, 0.5562494258832681, 0.5489935592893675, 0.5430327339102199, 0.5381051699233639, 0.5339093139364725, 0.530321861185255, 0.5272504366708525, 0.5245608920557099, 0.5221862453784976, 0.5200118561099459, 0.5180363344649473, 0.5162540025627002, 0.5146045973025141, 0.5130025811910213, 0.51149631170925, 0.510106603026668, 0.5088305048870317, 0.5076516296080638, 0.5065692930909999, 0.5055758155152931, 0.5046294615245782], "fit_time": 21929.141086439602, "hp_idx": 0, "split_idx": 0, "seed": 1234, "n_splits": 5, "lr": 0.005, "max_epochs": 7500, "batch_size": 5, "optimizer__weight_decay": 5e-05, "module__scl_embeds": true, "module__n_factors": 20, "neg_multiple": 1, "user_embeds": null, "item_embeds": null}