{"train_loss": 0.04346737632959959, "val_loss": 1.4122818411438858, "train_loss_curve": [3.2934085198076732, 1.457755520787863, 0.6687065659238499, 0.37095818736444996, 0.2711162143452028, 0.2126936870561978, 0.176382808141749, 0.15681119410143102, 0.12076171653970451, 0.0954139359351812, 0.08096304229549664, 0.05795665858541387, 0.04491209731022621, 0.042321269174642635, 0.040746710368482035, 0.04009870918128978, 0.040151818508351776, 0.04067693332357805, 0.041473278328059957, 0.042417153206465025], "val_loss_curve": [2.9260115754662706, 2.759640692260944, 2.6365136993767972, 2.5332784876175265, 2.43848998505187, 2.3483922720150003, 2.2624408095470536, 2.1806196587906763, 2.1026624131797496, 2.0285318914647146, 1.9579114299549816, 1.890627068763403, 1.8264869402605048, 1.7654568875244543, 1.7072066693045815, 1.6515647128735091, 1.5985772556762758, 1.5482554966599047, 1.5004886118202228, 1.4551813725019898], "fit_time": 2468.141482654959, "hp_idx": 35, "split_idx": 1, "seed": 1234, "lr": 0.005, "max_epochs": 5000, "batch_size": 25, "optimizer__weight_decay": 5e-05, "module__n_factors": 50, "module__scl_embeds": false}