{"train_loss": 0.16383254227373914, "val_loss": 0.9416987261285201, "train_loss_curve": [1.4502583368396982, 1.040156147036797, 0.7671483151032861, 0.5867352281764393, 0.4670430619708134, 0.3865609597371314, 0.33120890250885404, 0.2920699780958863, 0.2636035319053001, 0.24229075628091823, 0.22588907984586862, 0.21297407117704828, 0.2026079520344352, 0.19416726270304138, 0.18720614580580822, 0.18141651655480023, 0.17657981140404452, 0.17252199853920228, 0.1691087685125969, 0.16623730151447313], "val_loss_curve": [1.4443044633013742, 1.362569373689017, 1.3026025307487012, 1.2566516324478199, 1.2198334165624485, 1.1891060517951029, 1.1625620126585272, 1.139009456627295, 1.1176667063351304, 1.0980295742355768, 1.0797598416723553, 1.0625653082214332, 1.0463445483456961, 1.030965534088133, 1.01634078384085, 1.0024245494338677, 0.989104148237598, 0.9763894126420256, 0.9642836702095098, 0.9527377602825579], "fit_time": 3272.7307656630874, "hp_idx": 31, "split_idx": 1, "seed": 1234, "lr": 0.005, "max_epochs": 5000, "batch_size": 25, "optimizer__weight_decay": 5e-05, "module__n_factors": 10, "module__scl_embeds": false}