{"train_loss": 0.1918978215704528, "val_loss": 0.46673558105330365, "train_loss_curve": [0.6933721307240092, 0.5715683639770379, 0.5089806082606767, 0.4554940031611518, 0.40584823711523244, 0.36164353855532877, 0.3247674811133686, 0.2955150307804394, 0.2729694701917931, 0.2558406155345288, 0.2428671884079482, 0.23299392386207024, 0.22539446559647386, 0.21945423581347717, 0.21474146521614293, 0.21094554640340785, 0.20784910062131756, 0.20528773624413602, 0.2031505279721749, 0.201352230435351, 0.19983011183322005, 0.19851944621141582, 0.19737925644218704, 0.19637942150057136, 0.19550509076892816, 0.19473298431000816, 0.1940426355933207, 0.19342319375634384, 0.19286463950244587, 0.19235836281508326], "val_loss_curve": [0.6913836968667579, 0.6056979122660655, 0.584247260747395, 0.5700021260580816, 0.556991456992629, 0.5448145682821462, 0.5337985714502407, 0.5242526479551703, 0.5161180633504491, 0.5093264425724814, 0.5037174365441976, 0.49900484037322873, 0.4949976877072752, 0.49154429010925316, 0.4885824750804957, 0.4860176189014545, 0.483751279977096, 0.4817450249302776, 0.47991474406112045, 0.4782670791627783, 0.4767790580719779, 0.4754161401315308, 0.47415211657821993, 0.47296536866671, 0.4718631024109873, 0.4708463821325686, 0.469905381731359, 0.46903023466745736, 0.4682166992767013, 0.46745584098435505], "fit_time": 65580.41663790122, "hp_idx": 2, "split_idx": 3, "seed": 1234, "n_splits": 5, "lr": 0.005, "max_epochs": 7500, "batch_size": 5, "optimizer__weight_decay": 5e-05, "module__scl_embeds": true, "neg_multiple": 1, "user_embeds": "esm_rank_100", "item_embeds": null}