{"train_loss": 0.3422398142047695, "val_loss": 0.6282188248373073, "train_loss_curve": [1.9446353231706506, 0.2334052690398165, 0.16650429034132364, 0.17858274300563168, 0.20322028433769454, 0.22993710090890354, 0.2550058087946235, 0.27683248218053425, 0.29478947432724745, 0.30902853416222514, 0.31991113412317695, 0.3279908989883942, 0.3337561758908081, 0.33773443803608, 0.3403730019579678, 0.3419990135065881, 0.34287612688986013, 0.3431809193743415, 0.3430877069753784, 0.3427547380102403], "val_loss_curve": [1.8891033658611887, 1.305407933352307, 1.0223961590323922, 0.8639770823429448, 0.7776040664973252, 0.7306113622841176, 0.703822059289757, 0.6873764575472743, 0.676274256269591, 0.6681718028600635, 0.6617145677023096, 0.6563394261034643, 0.6517087534177718, 0.6476306135378175, 0.6439991617124935, 0.640750735761903, 0.6377987766368708, 0.6350728557100939, 0.6325768144029535, 0.6303077210605103], "fit_time": 13143.236917380244, "hp_idx": 3, "split_idx": 1, "seed": 1234, "lr": 0.005, "max_epochs": 5000, "batch_size": 5, "optimizer__weight_decay": 0.0001, "module__n_factors": 20, "module__scl_embeds": false}