{"train_loss": 1.9263144558095957, "val_loss": 1.8729010058658107, "train_loss_curve": [1.937239483996775], "val_loss_curve": [1.87548844933093], "fit_time": 1.899355560541153, "hp_idx": 0, "split_idx": 0, "seed": 1234, "lr": 0.005, "max_epochs": 2, "batch_size": 10, "optimizer__weight_decay": 0.0001, "module__n_factors": 20, "module__scl_embeds": false}