{"train_loss": 0.4022011045365657, "val_loss": 0.6378549148430636, "train_loss_curve": [0.700653766482325, 0.649710662397201, 0.6177904423813521, 0.5950294696915036, 0.5767145681058813, 0.5605370904021286, 0.5453950479525902, 0.5308637885217429, 0.5168689662175013, 0.5034672528831907, 0.4907167255808963, 0.47867317874688986, 0.46738142768078733, 0.4568520438757274, 0.44706334019074156, 0.437981414215413, 0.42958528099429166, 0.4218409870034416, 0.4147193492376101, 0.4081808335368632], "val_loss_curve": [0.6980383522582777, 0.6962301814472759, 0.6948722330006686, 0.6933328810827437, 0.6913378434581356, 0.6887703829711967, 0.6856211743432603, 0.6819583106707859, 0.6779325040348204, 0.6737383479004974, 0.6695088398901177, 0.6653657950165667, 0.6614086764814693, 0.657671038504247, 0.6541666351692937, 0.6509014411822899, 0.6478774836569121, 0.6450744587363619, 0.6424658396444121, 0.6400681708381448], "fit_time": 6790.085428390652, "hp_idx": 14, "split_idx": 0, "seed": 1234, "lr": 0.005, "max_epochs": 5000, "batch_size": 10, "optimizer__weight_decay": 0.0001, "module__n_factors": 20, "module__scl_embeds": true}