{"train_loss": 0.153643940115731, "val_loss": 0.6635963732337619, "train_loss_curve": [3.282678799402161, 0.21359745375227943, 0.07743544736377657, 0.03992513568978952, 0.04345303119837067, 0.049733053224270275, 0.057095171363429745, 0.0653609527363126, 0.07421274167088382, 0.08319263242742737, 0.09213328715366037, 0.10093814312654321, 0.1094123503885074, 0.11741380874778902, 0.12479704233851847, 0.1314799157222075, 0.13740628790114692, 0.14254830113277064, 0.14694693982062654, 0.15063340311462187], "val_loss_curve": [2.9749318448612834, 2.4156061836452136, 2.017279299510109, 1.7009432975741186, 1.4520065993035869, 1.2600006816348621, 1.1136537235152055, 1.0025734380234927, 0.9195841072183667, 0.8576939562574412, 0.8118221664970572, 0.7775938289982456, 0.7516777269490116, 0.7314732274461737, 0.715668301065485, 0.7029890179773033, 0.6925345534211272, 0.6837088924535226, 0.676136450021417, 0.6694930324326585], "fit_time": 13909.176073405892, "hp_idx": 11, "split_idx": 0, "seed": 1234, "lr": 0.005, "max_epochs": 5000, "batch_size": 5, "optimizer__weight_decay": 5e-05, "module__n_factors": 50, "module__scl_embeds": false}