{"train_loss": 0.16588339556289125, "val_loss": 0.6637332248903098, "train_loss_curve": [1.4540300919839582, 0.38613726773665596, 0.22646200019187876, 0.18225695868212738, 0.16452796420824642, 0.15694146839335932, 0.1541844270854153, 0.153973574997016, 0.15507286799627323, 0.1567309150812328, 0.15851527802936263, 0.16019672909037136, 0.1616689750451771, 0.16292303804665156, 0.16392587098462594, 0.16471531603196113, 0.16527592798221163, 0.16564507870010964, 0.1658510590972295, 0.16592475204989332], "val_loss_curve": [1.4250506560702425, 1.156683515557598, 1.045495203038404, 0.9681645704211889, 0.9087745614158802, 0.8615401769816736, 0.8239918697998796, 0.7939920599956612, 0.769855320627317, 0.7505672744764037, 0.7349279869894881, 0.7220028786982967, 0.7112084370462489, 0.7021099413920949, 0.6942385749973895, 0.6874858053761485, 0.6816163129045135, 0.6764068492712119, 0.6717003678907325, 0.6675077816232656], "fit_time": 11983.635313168168, "hp_idx": 7, "split_idx": 0, "seed": 1234, "lr": 0.005, "max_epochs": 5000, "batch_size": 5, "optimizer__weight_decay": 5e-05, "module__n_factors": 10, "module__scl_embeds": false}