{"train_loss": 0.41388737732036546, "val_loss": 0.6915787829194321, "train_loss_curve": [0.7055583354476449, 0.6809452869050152, 0.6596201495690779, 0.6406937284451543, 0.6235150105226568, 0.6076138564895639, 0.5926435991496473, 0.5783308707264475, 0.564483456443865, 0.5509643459775092, 0.5376648614161359, 0.5245357009046006, 0.5115425368914237, 0.4986768983269766, 0.485943578617834, 0.47336236318890307, 0.460961974540721, 0.448778001239875, 0.4368453794755997, 0.42519358783039873], "val_loss_curve": [0.7064615847848184, 0.7051849381077064, 0.7042429593510493, 0.7035167636252083, 0.7029312085260403, 0.7024369728845937, 0.7019795510951776, 0.7015403542632016, 0.7010763001680985, 0.7005779826994069, 0.7000323770123502, 0.6994291187083146, 0.6987609518494298, 0.6980249151729931, 0.6972329259252292, 0.6963879765122329, 0.6954968089989555, 0.6945614978744034, 0.693591104865102, 0.6925935758163557], "fit_time": 3201.96195115149, "hp_idx": 30, "split_idx": 1, "seed": 1234, "lr": 0.005, "max_epochs": 5000, "batch_size": 25, "optimizer__weight_decay": 5e-05, "module__n_factors": 10, "module__scl_embeds": true}