{"train_loss": 0.2914563199040634, "val_loss": 0.758826074594105, "train_loss_curve": [1.4386213419216496, 1.0045367506591034, 0.7349644650234071, 0.5690878770186073, 0.46646622783289504, 0.4019949141768239, 0.3605868119511988, 0.33340307936454433, 0.3152767379132115, 0.3030958291672882, 0.29493889626818937, 0.28959611211067593, 0.2862790781865656, 0.28445072713067066, 0.2837248039073669, 0.28383496942081093, 0.2845855314189043, 0.2858399686106157, 0.2874550223090015, 0.28934866274622356], "val_loss_curve": [1.4441160372321382, 1.3204676684006913, 1.2281621534887186, 1.15662642566439, 1.0990248978429809, 1.0512114445989187, 1.0104504928051883, 0.9752703280153183, 0.9445344694401729, 0.9174201423734406, 0.8934603910897545, 0.8722489375588943, 0.8533972466039224, 0.8365741774151447, 0.8215924895957623, 0.808189703482074, 0.7961113921799396, 0.7853140409216789, 0.7755771000698247, 0.7667733397231454], "fit_time": 3221.8103650957346, "hp_idx": 25, "split_idx": 1, "seed": 1234, "lr": 0.005, "max_epochs": 5000, "batch_size": 25, "optimizer__weight_decay": 0.0001, "module__n_factors": 10, "module__scl_embeds": false}