{"train_loss": 0.19121110742404443, "val_loss": 0.4760323623694601, "train_loss_curve": [0.6950507070204268, 0.6034270353277658, 0.5308119711476582, 0.4599339665078863, 0.39782992792528155, 0.3479180520542349, 0.3098660080519828, 0.28165543317885994, 0.2609732390236059, 0.2457779473486029, 0.23451606846361175, 0.2260308266017148, 0.21954715690077106, 0.2145181189167826, 0.21055086672416792, 0.2073761392414622, 0.20479251871746657, 0.20265694472379142, 0.20085998101730693, 0.1993336327152516, 0.19802134146806138, 0.19689822380700908, 0.19593080910174854, 0.1950867819093232, 0.19434433136665663, 0.19367810487682055, 0.19307599276517026, 0.19253565872645267, 0.19205377731457599, 0.1916159185982994], "val_loss_curve": [0.695578453875644, 0.6910651231701279, 0.67369307966638, 0.6447746986241052, 0.6150536022924044, 0.5896176570084267, 0.5692897823168126, 0.5533860706157617, 0.540990432511607, 0.5312352672497154, 0.5234427641304362, 0.5170726777686105, 0.5117431735502673, 0.5072579050831723, 0.5034514674026789, 0.5001750277020992, 0.4973347621225255, 0.4948071281757805, 0.4925055049168758, 0.49044426074707426, 0.4885444005990362, 0.48682108802812085, 0.4852430178221567, 0.4837901781992618, 0.4824440113435953, 0.48118772873511684, 0.4799894260585586, 0.47887493882736404, 0.4778538925490735, 0.4769114926457405], "fit_time": 24049.117610491812, "hp_idx": 0, "split_idx": 3, "seed": 1234, "lr": 0.005, "max_epochs": 7500, "batch_size": 5, "optimizer__weight_decay": 5e-05, "module__n_factors": 50, "module__scl_embeds": true}