{"train_loss": 0.0435078397329604, "val_loss": 1.4176825996323343, "train_loss_curve": [3.3089571776132147, 1.4722717869896542, 0.6503079475063677, 0.34302681885013914, 0.24739859660906732, 0.17834178363951259, 0.11253757988758287, 0.07074251151521008, 0.06159054288835178, 0.05551290279037175, 0.05219255049562477, 0.05074938327073182, 0.040139277770726185, 0.03963353814892462, 0.03945258848521555, 0.03952918523891294, 0.03989671520820623, 0.04057270158410131, 0.041436649763626175, 0.04242561234664593], "val_loss_curve": [2.9105845946809907, 2.75705852076446, 2.6424968113432397, 2.5434353761461788, 2.4503868331303407, 2.361175977336221, 2.2757478031245144, 2.19382448963352, 2.1155811727463782, 2.0409187292441344, 1.9698169675323514, 1.902020364721894, 1.8374002212549978, 1.7757051041076233, 1.7168061965967947, 1.6605594355465372, 1.6069991659451197, 1.5559455286233852, 1.507380169310492, 1.4612374283494927], "fit_time": 2473.9575837254524, "hp_idx": 35, "split_idx": 0, "seed": 1234, "lr": 0.005, "max_epochs": 5000, "batch_size": 25, "optimizer__weight_decay": 5e-05, "module__n_factors": 50, "module__scl_embeds": false}