{"train_loss": 0.190923068976391, "val_loss": 0.47536335837764615, "train_loss_curve": [0.6957833580254779, 0.6042787532156416, 0.5326857641415295, 0.4617496798875883, 0.39891383833515565, 0.3484489267845856, 0.3100683206387551, 0.2817067929620769, 0.26089619033219913, 0.24558856497630943, 0.2342270172390944, 0.22571863670352074, 0.21924347167205796, 0.21421330581368553, 0.21023342961752953, 0.20703869236194322, 0.20443046497704595, 0.20227924910278045, 0.20048008110788373, 0.19896714768801158, 0.19768170975599209, 0.1965768439628745, 0.19561029042200212, 0.1947619536535769, 0.19401168324238927, 0.19334658591176337, 0.19275199062009515, 0.19222250207770103, 0.19174904608427307, 0.1913175215654517], "val_loss_curve": [0.6979189759993053, 0.694131364563962, 0.6786238885981776, 0.6500249171937817, 0.6191510874908287, 0.592612083610538, 0.5714842860515301, 0.5550963205300566, 0.5423813393916979, 0.5323144832065889, 0.5242615035346477, 0.5177467495359324, 0.5123113910635034, 0.5077156240081454, 0.5037421477493984, 0.5003184099141118, 0.49733165473544794, 0.4946837170105992, 0.4923059230362063, 0.490146560607465, 0.4881973025282641, 0.48644060387964294, 0.48482234136902647, 0.48328642798088367, 0.481880172705039, 0.4805838172356566, 0.4793744987801655, 0.4782430741041551, 0.4772130972977146, 0.47624683748748337], "fit_time": 23903.639484729618, "hp_idx": 0, "split_idx": 2, "seed": 1234, "lr": 0.005, "max_epochs": 7500, "batch_size": 5, "optimizer__weight_decay": 5e-05, "module__n_factors": 50, "module__scl_embeds": true}