{"train_loss": 0.05030557668565974, "val_loss": 0.5103552898756271, "train_loss_curve": [0.6946008530790573, 0.551827132311109, 0.45257427611785545, 0.35992529714102306, 0.27720776952516574, 0.21200201248789166, 0.1651850878570385, 0.13293918947220318, 0.11089222025048066, 0.09565765858087298, 0.08496244354955071, 0.07728882816007973, 0.0716594496873774, 0.06743756436882867, 0.06420759043421831, 0.061682435521087445, 0.059681768399676295, 0.05807034132295529, 0.05675098125357181, 0.055667732723408955, 0.05476458577709468, 0.053999604240476666, 0.053343295894719506, 0.05277255116766514, 0.05227303436478613, 0.051835440046323296, 0.05145089296132352, 0.05111389615983292, 0.05081554960094757, 0.05054705407734231], "val_loss_curve": [0.6915982462968723, 0.6054806127836755, 0.5823866995784444, 0.5717448224113221, 0.5638749643550465, 0.5568989101392108, 0.5508489275117278, 0.5459335012665659, 0.5419239086666102, 0.5385475112701857, 0.535621574231928, 0.5329984841954931, 0.5307186708986582, 0.5286938605817695, 0.526881240118046, 0.5252049414648818, 0.523629737411368, 0.5222001449511513, 0.5209039479445884, 0.5197387791840388, 0.5186584077771569, 0.5176392264231575, 0.5166236949070178, 0.515642289025367, 0.5147294533765058, 0.513862251478367, 0.5130591043937286, 0.5123153352049962, 0.5116287505318649, 0.5109952312130931], "fit_time": 30901.96319146827, "hp_idx": 8, "split_idx": 2, "seed": 1234, "lr": 0.005, "max_epochs": 7500, "batch_size": 5, "optimizer__weight_decay": 1e-05, "module__scl_embeds": true, "neg_multiple": 1, "user_embeds": "esm_rank_100", "item_embeds": null}