{"train_loss": 0.05054114583531277, "val_loss": 0.5304321617255494, "train_loss_curve": [0.6973806224190272, 0.5538669944174223, 0.45286953736461333, 0.3605480901994645, 0.2796962994958398, 0.2159578174082367, 0.16947296996913538, 0.13687256647931687, 0.11421391955524735, 0.09840013473408649, 0.08717119145789998, 0.07907241058268852, 0.07309760259207129, 0.06861692455424634, 0.06517244432971428, 0.062487514894716184, 0.0603644280780719, 0.058660758071468325, 0.0572763806041265, 0.05612888180250237, 0.05517437545276553, 0.054373165673146456, 0.05369373549824463, 0.05310346794370041, 0.052592911395257326, 0.05214597240832823, 0.051744910640889534, 0.05139220856582759, 0.05107706848375656, 0.050795971062620515], "val_loss_curve": [0.6970440044232956, 0.6115386787933584, 0.5848351810446732, 0.5720394705143705, 0.5641962497795783, 0.5587577387878176, 0.5552082753467598, 0.5528398184297947, 0.5512573527548125, 0.5501565946309706, 0.5490609535119383, 0.5480908425905959, 0.547067695133448, 0.5460931419728153, 0.5450710126378968, 0.5439869365418716, 0.542857563861259, 0.5417343255864725, 0.5406444128472443, 0.5395715597322476, 0.5385814871822737, 0.5376564540742952, 0.536737070690245, 0.535854463873678, 0.5349625563740876, 0.5340590544198726, 0.5331568710373056, 0.5323401120403047, 0.5316324064670305, 0.5310139071773549], "fit_time": 17555.32134206593, "hp_idx": 6, "split_idx": 2, "seed": 1234, "lr": 0.005, "max_epochs": 7500, "batch_size": 5, "optimizer__weight_decay": 1e-05, "module__scl_embeds": true, "neg_multiple": 1, "user_embeds": "esm_rank_20", "item_embeds": null}