{"train_loss": 0.19059182239733288, "val_loss": 0.4889515543209916, "train_loss_curve": [0.6957377242640808, 0.6034162619687391, 0.530317678804442, 0.4592534002016509, 0.3970666072246703, 0.3471635955522631, 0.30911848239605, 0.2809326637879292, 0.2602618935421361, 0.2450888542152316, 0.23384246563035258, 0.22540653545934802, 0.2189590580710416, 0.21393924442473755, 0.20996676363802075, 0.2067654028123501, 0.20415589503296988, 0.20200675657715883, 0.20021153126880178, 0.19869521466824105, 0.19740580670136115, 0.1962887942807267, 0.19531410208269345, 0.19446259161559454, 0.19371319997736572, 0.1930531824929184, 0.1924590085082772, 0.19192631641133648, 0.19144405837991385, 0.19100033687612167], "val_loss_curve": [0.6960790395389146, 0.6919754531571191, 0.675568836423468, 0.6487185698730258, 0.6210950781583091, 0.597234778171378, 0.5779240885559394, 0.5627243532296867, 0.5508386048300968, 0.541414446064404, 0.5338285164826118, 0.5277140453761938, 0.5226887516221221, 0.5183890355919263, 0.5146988496054018, 0.5115246731929112, 0.5087524599045428, 0.5062936907606986, 0.5041604374396905, 0.5022414876229562, 0.5005025419219242, 0.4989130318425487, 0.4974739056286937, 0.4961270987553082, 0.49487728036874934, 0.49372632840632, 0.4926563112537645, 0.4916600517646217, 0.49070663615496446, 0.48980712351924127], "fit_time": 27883.741383831017, "hp_idx": 1, "split_idx": 4, "seed": 1234, "n_splits": 5, "lr": 0.005, "max_epochs": 7500, "batch_size": 5, "optimizer__weight_decay": 5e-05, "module__scl_embeds": true, "module__n_factors": 50, "neg_multiple": 1, "user_embeds": null, "item_embeds": null}