{"train_loss": 0.3454823768621697, "val_loss": 0.6240594034832545, "train_loss_curve": [1.4209465443879574, 0.4099016844713952, 0.30146280574527656, 0.2887167778899481, 0.29503472374278905, 0.30608866824866177, 0.31725329909221833, 0.3269958230894762, 0.334793877455738, 0.3406779174638656, 0.34481852470369606, 0.34748417517660934, 0.3490720878253172, 0.34985299013329274, 0.35006426730668627, 0.34983739790035573, 0.34928422865820374, 0.3485168060570052, 0.3475934434986059, 0.34655981989347295], "val_loss_curve": [1.4767659838072735, 1.0607138884080738, 0.8909510274079608, 0.7997793743982269, 0.7474951037968142, 0.7157056783672312, 0.6952203111955407, 0.6811958943791366, 0.6707571997116373, 0.6626703430372787, 0.6562135117430319, 0.6507860905232199, 0.6461363744453607, 0.6421379448477276, 0.63867320223868, 0.6355388299148381, 0.6327275787340119, 0.6302352716460543, 0.6279523439842606, 0.6258897613564636], "fit_time": 13035.969235848635, "hp_idx": 1, "split_idx": 1, "seed": 1234, "lr": 0.005, "max_epochs": 5000, "batch_size": 5, "optimizer__weight_decay": 0.0001, "module__n_factors": 10, "module__scl_embeds": false}