{"train_loss": 0.1785648429955167, "val_loss": 0.5126975443202451, "train_loss_curve": [0.6942786289886995, 0.5713439158235605, 0.5054424979522095, 0.45003818441182375, 0.39931956814745295, 0.35433350829081933, 0.31665165857183974, 0.2865274225107648, 0.2631964058927879, 0.24539369466499641, 0.23186579420902095, 0.2215040038027182, 0.2135092609601056, 0.20726817151713933, 0.2023165390462048, 0.19833719267646646, 0.1950931128088411, 0.19241883417500275, 0.1901952932308708, 0.18832856648230364, 0.18674473921358065, 0.18538064826149625, 0.18420060510727596, 0.1831683384326215, 0.18226404864523377, 0.18145923353927015, 0.18074646455698185, 0.1801115115225263, 0.17953993756180772, 0.17902746359602764], "val_loss_curve": [0.6935449119171258, 0.6149819109793433, 0.594400480076874, 0.5826214820605218, 0.5731044853951139, 0.5647394690726469, 0.5574008925039687, 0.5511176562723099, 0.5458747062307007, 0.5415374361194902, 0.5379827923866868, 0.5349953114105589, 0.5324680165821917, 0.5303232689844474, 0.5284521993368229, 0.5267730164607116, 0.525251954207578, 0.5238807399989467, 0.5226303189680184, 0.5214560891352737, 0.5203798682399253, 0.5193860717756259, 0.5184684532058327, 0.5176140174775242, 0.516801471248316, 0.5160214271514972, 0.5152802022291922, 0.5145831825814284, 0.513921842614893, 0.5132983897315242], "fit_time": 33119.53618714586, "hp_idx": 5, "split_idx": 2, "seed": 1234, "lr": 0.005, "max_epochs": 7500, "batch_size": 5, "optimizer__weight_decay": 5e-05, "module__scl_embeds": true, "neg_multiple": 1, "user_embeds": "esm_rank_100", "item_embeds": null}