{"train_loss": 0.4099948314207678, "val_loss": 0.6841202328949819, "train_loss_curve": [0.7056431669987674, 0.6807546845667011, 0.6592102038065407, 0.6400857733822725, 0.6227201108687628, 0.6066323495301702, 0.5914615395464355, 0.5769433000737983, 0.5628816796091921, 0.5491251164114012, 0.5355824039244491, 0.5222045497785959, 0.508973947855824, 0.4958849686431799, 0.4829441438018442, 0.47017157498871315, 0.4575997200510279, 0.44526384825112314, 0.4331900406816458, 0.42141361947208955], "val_loss_curve": [0.7026381687128739, 0.7019316788875696, 0.7014360113160594, 0.7010451002971275, 0.7006998903406806, 0.7003429594573441, 0.6999376628782366, 0.6994595917371603, 0.69888618546766, 0.6982121967074476, 0.6974189773306146, 0.6964934836456548, 0.6954371554729266, 0.6942658839803754, 0.6929990524873311, 0.6916563057955051, 0.6902370562642326, 0.6887558895946938, 0.6872283880249326, 0.685675696198479], "fit_time": 3238.048274267465, "hp_idx": 30, "split_idx": 0, "seed": 1234, "lr": 0.005, "max_epochs": 5000, "batch_size": 25, "optimizer__weight_decay": 5e-05, "module__n_factors": 10, "module__scl_embeds": true}