{"train_loss": 0.18238201288350084, "val_loss": 0.5331784237688261, "train_loss_curve": [0.7015480932395358, 0.5760117034473411, 0.5083877576606257, 0.45367376506979856, 0.40536980506788184, 0.36305878237801625, 0.3273142751019735, 0.29813279259715464, 0.2748521618102189, 0.2564864183313676, 0.24209358729096456, 0.23083763217905184, 0.22199024231713657, 0.21495939488034252, 0.2093323644875855, 0.2047764124980496, 0.20104838572312278, 0.1979854764136766, 0.19545460189855496, 0.19332390500336782, 0.19152211548981968, 0.1899761330088848, 0.18864169119290644, 0.18748108560050075, 0.1864698929874995, 0.1855746328218521, 0.1847784634243202, 0.184076253787152, 0.1834427057667733, 0.18288180482788727], "val_loss_curve": [0.7008864499130796, 0.6214122053375191, 0.5960704485679599, 0.5821957057299586, 0.5727472497673458, 0.5657932038108507, 0.5606739533926357, 0.556866431184668, 0.553972386496077, 0.551748469349449, 0.5499406109019025, 0.5485376470747341, 0.547402045841649, 0.5464353095264484, 0.545468943355779, 0.5445256407088273, 0.5436371544746721, 0.5428131772775298, 0.5419966519457471, 0.5411903939857146, 0.5403760075517032, 0.539568657131723, 0.5387793357955405, 0.5380229302045139, 0.5373149686690059, 0.5366013627362527, 0.535904020146604, 0.5351986512593891, 0.5345081572569763, 0.5338406399356272], "fit_time": 16433.188670776784, "hp_idx": 0, "split_idx": 2, "seed": 1234, "lr": 0.005, "max_epochs": 7500, "batch_size": 5, "optimizer__weight_decay": 5e-05, "module__scl_embeds": true, "neg_multiple": 1, "user_embeds": "esm_rank_10", "item_embeds": null}