{"train_loss": 0.2216346691533885, "val_loss": 0.6497259543631182, "train_loss_curve": [0.7039092277613351, 0.6472283800211395, 0.604237533575951, 0.5674294198093005, 0.5333277840079559, 0.5005062834786824, 0.46873518332620134, 0.43824895946788855, 0.4095074081787782, 0.3828618749646102, 0.35848430430008055, 0.3364117558629509, 0.3166057701591957, 0.29894894067224964, 0.28328030778967606, 0.2694305982219225, 0.2572476130997726, 0.24653720960635966, 0.23713353229350048, 0.2288725899215844], "val_loss_curve": [0.7047524217403296, 0.7017942254359906, 0.6997925259850242, 0.6977978829459432, 0.6953810903575871, 0.6923983743140748, 0.6889199957703099, 0.6851246278463822, 0.6812159272479567, 0.677351918184396, 0.6736144249811595, 0.6701244689645744, 0.666919849621944, 0.6639829817073885, 0.6612743192758316, 0.6588474471808036, 0.656660793266652, 0.6546782141243106, 0.65286650503432, 0.6512240296477204], "fit_time": 7037.577047869563, "hp_idx": 18, "split_idx": 0, "seed": 1234, "lr": 0.005, "max_epochs": 5000, "batch_size": 10, "optimizer__weight_decay": 5e-05, "module__n_factors": 10, "module__scl_embeds": true}