{"train_loss": 0.19184859857776285, "val_loss": 0.47006373064015017, "train_loss_curve": [0.6967892225310108, 0.573225927071948, 0.5095401807390583, 0.4551960548284744, 0.4051914854629532, 0.36101300059570074, 0.3242758375969917, 0.29518113854708555, 0.27279603124125157, 0.2557662196569204, 0.2428514042286506, 0.23295832386870835, 0.22532718274299976, 0.21934478892751377, 0.21460078119673623, 0.21078169470321553, 0.20767690672706224, 0.20511832699596524, 0.20298742077746387, 0.20119270590817495, 0.199670387599164, 0.19836484609245297, 0.19723192829099712, 0.19624611298682154, 0.1953769941279171, 0.19461158200914974, 0.19393544298077348, 0.19332481404481738, 0.19277980184456914, 0.19229157335142144], "val_loss_curve": [0.6965000312297772, 0.6017876983140454, 0.578758085055368, 0.5651301607350647, 0.5537598021415285, 0.5433838986867653, 0.5338995652598935, 0.5255570652566868, 0.5183923259585888, 0.5122347821618294, 0.5070218781274168, 0.5025594061314365, 0.4987315584173847, 0.4954102086489434, 0.49251682852288503, 0.4899748578789212, 0.4877026983143844, 0.48564423000253304, 0.48377651385181436, 0.48209622422871473, 0.48053358699735643, 0.4791014817106974, 0.47778029487596385, 0.4765317246821516, 0.4753948053939915, 0.4743480584855541, 0.4733790057843729, 0.4724524275362839, 0.4715924362081053, 0.47081073222460446], "fit_time": 47246.62225347012, "hp_idx": 1, "split_idx": 2, "seed": 1234, "n_splits": 5, "lr": 0.005, "max_epochs": 7500, "batch_size": 5, "optimizer__weight_decay": 5e-05, "module__scl_embeds": true, "neg_multiple": 1, "user_embeds": "esm_rank_50", "item_embeds": null}