{"train_loss": 0.1902278201238823, "val_loss": 0.4823761323885042, "train_loss_curve": [0.6937221900705413, 0.6019174583204143, 0.5282334893407834, 0.45645123634635015, 0.3937199082353645, 0.3437087688473485, 0.30595077443998175, 0.27817675874336234, 0.25793768614606544, 0.24317419747083877, 0.23225725728080615, 0.22406335099001082, 0.21780854742268496, 0.2129452845406239, 0.20909226435510167, 0.20598884820742727, 0.2034613320040614, 0.2013719393410405, 0.19963022040654765, 0.1981574034536505, 0.19688670815995488, 0.1957953421481492, 0.19484713728135855, 0.19401486726838113, 0.19327754190784285, 0.1926222076343203, 0.1920439112651442, 0.19152447323820668, 0.19105459995229135, 0.19062287349358098], "val_loss_curve": [0.6941093189028192, 0.6903824957397172, 0.6733541033358338, 0.645330052507862, 0.61669892029234, 0.5920886672794298, 0.572479203386835, 0.5572419796931848, 0.5453525171248628, 0.5359614928939948, 0.5284242179060121, 0.5222981293677589, 0.5171838027829679, 0.5128410604535317, 0.5091370415409522, 0.505914915320477, 0.5030805858248525, 0.5005746423416165, 0.49834898492163887, 0.4963095663848493, 0.4944507341516956, 0.4927523129622373, 0.49119789889706816, 0.48979188284616776, 0.4884922887597765, 0.48729260691574644, 0.48618329700853663, 0.4851439104309582, 0.4841725048188218, 0.4832538428007688], "fit_time": 57698.167845573276, "hp_idx": 2, "split_idx": 4, "seed": 1234, "n_splits": 5, "lr": 0.005, "max_epochs": 7500, "batch_size": 5, "optimizer__weight_decay": 5e-05, "module__scl_embeds": true, "module__n_factors": 100, "neg_multiple": 1, "user_embeds": null, "item_embeds": null}