{"train_loss": 0.3450937562852952, "val_loss": 0.630482535487983, "train_loss_curve": [1.455165593409127, 0.41232164421436474, 0.30031084116243434, 0.2880785068391531, 0.2950206529214461, 0.3064593938881769, 0.3178446343462627, 0.3276242466448459, 0.33541026286386505, 0.34113300919678696, 0.3451415767884944, 0.34770582158767305, 0.3492269019413228, 0.3499118183272845, 0.34996245369075424, 0.34959992205458773, 0.3489496161621416, 0.34809796709465685, 0.3471518772347848, 0.346149412486472], "val_loss_curve": [1.4517460739400698, 1.052433952150784, 0.8887262247450702, 0.8006603684111353, 0.7500574961130991, 0.719462346120592, 0.6997363560752713, 0.686076231526606, 0.6760136772181604, 0.6682876665275413, 0.6620715282735847, 0.6568726271842465, 0.6524311960403458, 0.648575086658929, 0.6451057756627911, 0.6420319618045033, 0.6392805154993262, 0.6367678877600145, 0.6344895978178178, 0.6324136171550739], "fit_time": 12996.252888858318, "hp_idx": 1, "split_idx": 0, "seed": 1234, "lr": 0.005, "max_epochs": 5000, "batch_size": 5, "optimizer__weight_decay": 0.0001, "module__n_factors": 10, "module__scl_embeds": false}