{"train_loss": 0.19104434261903216, "val_loss": 0.4884144739315157, "train_loss_curve": [0.6956008826176869, 0.6039517124501155, 0.5314624851251176, 0.46151248165561665, 0.3997971854716405, 0.34977846803437007, 0.3114359410965206, 0.2829258189112291, 0.26195235054657184, 0.24650367751389712, 0.23503348166612917, 0.22638873155966333, 0.2197753632747578, 0.2146172132009227, 0.21054549353273483, 0.20730645708554118, 0.20467847543284806, 0.20251814546244026, 0.20070611474850722, 0.19917626677532332, 0.19787144609274399, 0.19675020386485115, 0.19577463982570073, 0.1949240007190381, 0.19417244387929247, 0.19350773743708644, 0.19291417961678264, 0.1923789524907632, 0.1918916995804711, 0.19144935691741402], "val_loss_curve": [0.696362776113001, 0.6918780671688782, 0.6754214305838783, 0.6495474700084377, 0.6226520524957241, 0.5990130317013164, 0.5797740374029655, 0.5645431051929514, 0.552539600315558, 0.5430038618206074, 0.5352948818720512, 0.5289725120937004, 0.5237106702101606, 0.5192883434316843, 0.5154964496709389, 0.5122254426245922, 0.5093173358007606, 0.5066999787321458, 0.5043658652800919, 0.5022705862415837, 0.5003900765712722, 0.4987004040447357, 0.49720430474007604, 0.49582342429646664, 0.4945295843836311, 0.4933349126363759, 0.4922343649465096, 0.4911942127701286, 0.49019689138084305, 0.48927566855451166], "fit_time": 24760.46616242081, "hp_idx": 0, "split_idx": 1, "seed": 1234, "lr": 0.005, "max_epochs": 7500, "batch_size": 5, "optimizer__weight_decay": 5e-05, "module__n_factors": 50, "module__scl_embeds": true}