{"train_loss": 0.19175550166333485, "val_loss": 0.47458882209582204, "train_loss_curve": [0.6963277972206575, 0.5717660293805952, 0.5074657114820006, 0.45303761965698186, 0.40329261343537, 0.3595336579458369, 0.32318000421014853, 0.2943913990906632, 0.2721810470275884, 0.25524369727331087, 0.24239045233033793, 0.23259436116045912, 0.22504513020557043, 0.2191370068964485, 0.21444229846113227, 0.2106893085150647, 0.20763844802311257, 0.20512292221347045, 0.20302345028328128, 0.20125120126267884, 0.19973925269112092, 0.19843819888117847, 0.19729695348529103, 0.1962918877747096, 0.19540474139578434, 0.19461587461969013, 0.19391369335456507, 0.19328372512823133, 0.19272084959729602, 0.1922141750757442], "val_loss_curve": [0.6967063111303013, 0.6080096721614435, 0.5868339562627958, 0.5742304024041255, 0.5632995126686452, 0.5528729083168479, 0.5431633261499149, 0.5344678080165303, 0.526895105652077, 0.5204333250990489, 0.514936642143832, 0.5102316640308756, 0.5061905458830036, 0.5026639235533756, 0.4995719917153284, 0.4968405532409678, 0.4943422246203347, 0.49207790443426247, 0.49003282514572283, 0.48815172833839915, 0.48639593071071974, 0.4847834536497479, 0.4832901347793274, 0.48188129545890646, 0.4805753285451716, 0.47935907692498675, 0.47824251395595935, 0.4772203922758014, 0.47628024522657997, 0.4754146639396608], "fit_time": 43963.37334822491, "hp_idx": 1, "split_idx": 1, "seed": 1234, "n_splits": 5, "lr": 0.005, "max_epochs": 7500, "batch_size": 5, "optimizer__weight_decay": 5e-05, "module__scl_embeds": true, "neg_multiple": 1, "user_embeds": "esm_rank_50", "item_embeds": null}