{"train_loss": 0.5101097566656478, "val_loss": 0.676619668662687, "train_loss_curve": [0.6954950528646243, 0.6725875877589161, 0.6539781779314872, 0.6385378896057481, 0.6254612848346788, 0.6141579922859306, 0.6041888536120607, 0.595226181777423, 0.5870201206253831, 0.579382890275612, 0.5721637270727978, 0.5652603335325939, 0.558595201432684, 0.5521130326793977, 0.545778003680863, 0.5395644822466913, 0.5334588707294198, 0.5274588077379694, 0.5215617050789166, 0.5157690204030276], "val_loss_curve": [0.6950005597862609, 0.69479364837522, 0.6946084700820051, 0.6943983273767369, 0.6941346369145356, 0.693798540285973, 0.6933725370671644, 0.6928508086499079, 0.6922176942264006, 0.6914716991650197, 0.6906119552386668, 0.6896347391716529, 0.6885446374649768, 0.6873472616389081, 0.6860467151050523, 0.6846484245259167, 0.6831624878175331, 0.6816040257334987, 0.6799818715015491, 0.6783130213375136], "fit_time": 4371.772099416703, "hp_idx": 28, "split_idx": 0, "seed": 1234, "lr": 0.005, "max_epochs": 5000, "batch_size": 25, "optimizer__weight_decay": 0.0001, "module__n_factors": 50, "module__scl_embeds": true}