{"train_loss": 0.1912095870311886, "val_loss": 0.47801244488129246, "train_loss_curve": [0.6964216581781213, 0.6047180059954739, 0.5329326274733528, 0.4626832134456081, 0.40037040419265374, 0.34991553684002574, 0.31137157941779087, 0.28275431721369065, 0.26174245546278113, 0.24633331842797587, 0.2349080102550498, 0.22632276340553725, 0.21977089078230863, 0.21466319896031075, 0.21061858846927442, 0.20738151757654252, 0.20475282025286412, 0.20259072403211115, 0.20078026152019265, 0.19924893284046352, 0.19794311721687213, 0.19682644081045375, 0.19585472363699077, 0.19500441668530985, 0.1942656146820825, 0.19360789075563292, 0.1930262560566851, 0.19250505403092402, 0.19203781483755433, 0.19160583358446362], "val_loss_curve": [0.6934684275677709, 0.6887042458866026, 0.6710817751871956, 0.6429405890596218, 0.6143574255989703, 0.5897580275967682, 0.5699284160574833, 0.5544353672205569, 0.5423526489512348, 0.5329317367985185, 0.5253502037549839, 0.5191075297849718, 0.5139409978472409, 0.5095956471069154, 0.505855962955382, 0.5025438070644588, 0.49963457080034107, 0.4970539189432259, 0.49473372599791676, 0.49261715744637247, 0.4906886124631742, 0.4889462909255272, 0.487364111363992, 0.48587709720439703, 0.4844820494123133, 0.483189010588856, 0.48200098323985274, 0.48090950917617564, 0.4798914320888497, 0.4789220069888936], "fit_time": 30374.283390528522, "hp_idx": 1, "split_idx": 2, "seed": 1234, "n_splits": 5, "lr": 0.005, "max_epochs": 7500, "batch_size": 5, "optimizer__weight_decay": 5e-05, "module__scl_embeds": true, "module__n_factors": 50, "neg_multiple": 1, "user_embeds": null, "item_embeds": null}