{"train_loss": 0.41072140177192873, "val_loss": 0.6517299529694733, "train_loss_curve": [0.7058337223532595, 0.6528179921673628, 0.6206547175984639, 0.5983492949676558, 0.5808007568016729, 0.5655461026255304, 0.5513398893217464, 0.5376832196973204, 0.5244773599714576, 0.511705252966644, 0.4994391364549862, 0.4877719574039648, 0.47672793198977076, 0.4663104494639726, 0.4565353946728594, 0.4474287433803818, 0.4389256457121785, 0.4310421044175012, 0.4237476738773879, 0.4169773251811895], "val_loss_curve": [0.7116861793544743, 0.7070029578008852, 0.7042259687866086, 0.7020479899186355, 0.6999152844602411, 0.6975507044291996, 0.6948108292404033, 0.6917327581307827, 0.6883328326376446, 0.6847498646149268, 0.6810934589459345, 0.6774528462153214, 0.673907442317976, 0.6705202397766646, 0.6672940903054528, 0.6642380927131448, 0.6613830790653096, 0.6587217238260594, 0.6562238274476467, 0.653887822703048], "fit_time": 6860.276983171701, "hp_idx": 12, "split_idx": 0, "seed": 1234, "lr": 0.005, "max_epochs": 5000, "batch_size": 10, "optimizer__weight_decay": 0.0001, "module__n_factors": 10, "module__scl_embeds": true}