{"train_loss": 0.09185390985442764, "val_loss": 0.80148736073938, "train_loss_curve": [3.3289738550243815, 0.5149253346546964, 0.16107096361747503, 0.08521773522103201, 0.043236547515517004, 0.03867171996757215, 0.03882888045882706, 0.040562428718558696, 0.04305784334157244, 0.046045002583978756, 0.049359625847988475, 0.052940706637772644, 0.05674725783107442, 0.06078023968442475, 0.06501377690887396, 0.06938538587454593, 0.07384137352950228, 0.07834159874624305, 0.08284897049823842, 0.08736717324955758], "val_loss_curve": [2.8852897770068786, 2.5644380080863907, 2.3336999219533694, 2.1313911814561366, 1.9513800594322497, 1.790762920407711, 1.6481100607721586, 1.5217157983368552, 1.4102570912615073, 1.3126589882398825, 1.2273464002901648, 1.1527120829406778, 1.0877750932225316, 1.0310741208683059, 0.9818243064311146, 0.9394408152580929, 0.9030343009114238, 0.871738318380817, 0.8447326206888567, 0.8214950669781815], "fit_time": 7161.487471573055, "hp_idx": 23, "split_idx": 1, "seed": 1234, "lr": 0.005, "max_epochs": 5000, "batch_size": 10, "optimizer__weight_decay": 5e-05, "module__n_factors": 50, "module__scl_embeds": false}