{"train_loss": 0.1929985805748851, "val_loss": 0.4971574118929657, "train_loss_curve": [0.7005639153876145, 0.608222475187191, 0.5384410016719617, 0.47124830213485713, 0.4106757743944975, 0.36061838174839417, 0.3214158952604199, 0.2918102908887661, 0.26967096458683554, 0.2531531175215008, 0.2407833710014299, 0.23137014086637658, 0.22419095376125667, 0.21863202288699066, 0.21424515482728168, 0.21073129923877695, 0.20786656022699324, 0.2054929960658577, 0.20351149980806582, 0.201839188278008, 0.20041684378885707, 0.19920321030841612, 0.1981449858489718, 0.19721202936192286, 0.1963885198129469, 0.19565903914935748, 0.1950144618087393, 0.19443463580581097, 0.19390730238049403, 0.1934293638320449], "val_loss_curve": [0.6949083401120348, 0.6906442345925422, 0.6748798958661951, 0.6503400324837311, 0.6248750818289799, 0.6024917118112385, 0.5840229611574631, 0.5695345331165758, 0.5580658429152482, 0.5490224723267806, 0.5418012673013555, 0.5358630260648011, 0.5308267249354532, 0.5266444414185408, 0.523100508581022, 0.5200462092000705, 0.5173173270954605, 0.514858148957327, 0.5126447095459713, 0.5106742809980344, 0.5089020919801541, 0.5072911998391638, 0.5058309071347777, 0.5044892544495615, 0.5032574270128995, 0.5021127822411644, 0.5009987044836327, 0.49994074961817486, 0.4989366726276827, 0.49800030789869926], "fit_time": 21652.99388610944, "hp_idx": 0, "split_idx": 1, "seed": 1234, "n_splits": 5, "lr": 0.005, "max_epochs": 7500, "batch_size": 5, "optimizer__weight_decay": 5e-05, "module__scl_embeds": true, "module__n_factors": 20, "neg_multiple": 1, "user_embeds": null, "item_embeds": null}