hp_idx	mean_train_loss	std_train_loss	mean_val_loss	std_val_loss	mean_fit_time	train_loss_curve	val_loss_curve	seed	lr	max_epochs	batch_size	optimizer__weight_decay	module__n_factors	module__scl_embeds
0	0.19090663596606472	0.0002424186991169234	0.48474218433921684	0.009059761229387904	23747.06300383657	[0.6956346098003618, 0.6036203920250728, 0.5307575564002206, 0.45942521515999224, 0.3967806708886091, 0.3465803799160815, 0.3084283717343527, 0.28022728584672046, 0.2595995288436672, 0.24449022227327288, 0.23330064738573103, 0.22491331816496793, 0.2185147770176835, 0.21353038416693468, 0.20958278642583092, 0.20642292578617819, 0.2038547566778185, 0.20173933991613105, 0.19997845604496906, 0.19849048859151058, 0.19722533963961497, 0.196140651275254, 0.1951872416102221, 0.19436137506245507, 0.1936331374515369, 0.1929831146886724, 0.19240225437596561, 0.19187527293684548, 0.191395938770394, 0.190964936909954]	[0.6963383418130458, 0.6932013742082668, 0.6774884337238946, 0.6507425884289922, 0.6230551615227068, 0.5990495733895038, 0.5796136737043587, 0.5642744092916956, 0.5523390973709068, 0.5428913889925264, 0.535217644912856, 0.5289128207691209, 0.5236477977419733, 0.5191918189688952, 0.5153146868805148, 0.5119681693722138, 0.5090335627512751, 0.5064027911546279, 0.5040257677826867, 0.5018821200111517, 0.49992174062193656, 0.49811584196181063, 0.49647087102033655, 0.49496384972907365, 0.4935616178780186, 0.4922667742644385, 0.49107060492386273, 0.48997627363781887, 0.48894791678680277, 0.48799230683996797]	1234	0.005	7500	5	5e-05	50	True
